"","sex","work_day","geography_name","geography_id","year","weighted_mean"
"1","Hombre","Completa","Antofagasta","p21",2010,575980.724507862
"2","Hombre","Completa","Antofagasta","p21",2011,590383.736153248
"3","Hombre","Completa","Antofagasta","p21",2012,664624.067440206
"4","Hombre","Completa","Antofagasta","p21",2013,683091.966432685
"5","Hombre","Completa","Antofagasta","p21",2014,708081.984045055
"6","Hombre","Completa","Antofagasta","p21",2015,803695.517623932
"7","Hombre","Completa","Arauco","p82",2010,294594.479615795
"8","Hombre","Completa","Arauco","p82",2011,279179.804277911
"9","Hombre","Completa","Arauco","p82",2012,320170.955913937
"10","Hombre","Completa","Arauco","p82",2013,329882.007888684
"11","Hombre","Completa","Arauco","p82",2014,341879.652609276
"12","Hombre","Completa","Arauco","p82",2015,348451.239922392
"13","Hombre","Completa","Arica","p151",2010,367732.667054063
"14","Hombre","Completa","Arica","p151",2011,389997.557043183
"15","Hombre","Completa","Arica","p151",2012,508627.810474872
"16","Hombre","Completa","Arica","p151",2013,424591.765166758
"17","Hombre","Completa","Arica","p151",2014,452011.573533962
"18","Hombre","Completa","Arica","p151",2015,510581.568782083
"19","Hombre","Completa","Aysén","p112",2010,605061.334266027
"20","Hombre","Completa","Aysén","p112",2011,571163.258850699
"21","Hombre","Completa","Aysén","p112",2012,624437.666862165
"22","Hombre","Completa","Aysén","p112",2013,627683.947748576
"23","Hombre","Completa","Aysén","p112",2014,643116.213175372
"24","Hombre","Completa","Aysén","p112",2015,763414.174063465
"25","Hombre","Completa","Bíobío","p83",2010,348098.923440861
"26","Hombre","Completa","Bíobío","p83",2011,337402.921103906
"27","Hombre","Completa","Bíobío","p83",2012,349244.746902085
"28","Hombre","Completa","Bíobío","p83",2013,382382.280469265
"29","Hombre","Completa","Bíobío","p83",2014,412131.709099703
"30","Hombre","Completa","Bíobío","p83",2015,499255.089756774
"31","Hombre","Completa","Cachapoal","p61",2010,405242.41793339
"32","Hombre","Completa","Cachapoal","p61",2011,378406.059579195
"33","Hombre","Completa","Cachapoal","p61",2012,424034.935213808
"34","Hombre","Completa","Cachapoal","p61",2013,438626.894795716
"35","Hombre","Completa","Cachapoal","p61",2014,464856.733906533
"36","Hombre","Completa","Cachapoal","p61",2015,524213.03420431
"37","Hombre","Completa","Capitán Prat","p113",2010,656496.262974757
"38","Hombre","Completa","Capitán Prat","p113",2011,711657.698028061
"39","Hombre","Completa","Capitán Prat","p113",2012,518182.345152127
"40","Hombre","Completa","Capitán Prat","p113",2013,503125
"41","Hombre","Completa","Capitán Prat","p113",2014,722166.666666667
"42","Hombre","Completa","Cardenal Caro","p62",2010,244957.519772347
"43","Hombre","Completa","Cardenal Caro","p62",2011,293733.256913212
"44","Hombre","Completa","Cardenal Caro","p62",2012,370421.753681464
"45","Hombre","Completa","Cardenal Caro","p62",2013,461881.496689103
"46","Hombre","Completa","Cardenal Caro","p62",2014,407060.802678012
"47","Hombre","Completa","Cardenal Caro","p62",2015,390759.367195219
"48","Hombre","Completa","Cauquenes","p72",2010,205314.13052455
"49","Hombre","Completa","Cauquenes","p72",2011,243784.996497587
"50","Hombre","Completa","Cauquenes","p72",2012,260274.712903734
"51","Hombre","Completa","Cauquenes","p72",2013,305730.529222073
"52","Hombre","Completa","Cauquenes","p72",2014,318701.129109414
"53","Hombre","Completa","Cauquenes","p72",2015,322530.509529146
"54","Hombre","Completa","Cautín","p91",2010,332338.726678841
"55","Hombre","Completa","Cautín","p91",2011,345651.562069222
"56","Hombre","Completa","Cautín","p91",2012,382895.972241449
"57","Hombre","Completa","Cautín","p91",2013,398961.989935957
"58","Hombre","Completa","Cautín","p91",2014,435951.236802915
"59","Hombre","Completa","Cautín","p91",2015,468065.201363651
"60","Hombre","Completa","Chacabuco","p133",2010,456025.5447671
"61","Hombre","Completa","Chacabuco","p133",2011,654519.097084467
"62","Hombre","Completa","Chacabuco","p133",2012,857128.711285052
"63","Hombre","Completa","Chacabuco","p133",2013,693020.260976233
"64","Hombre","Completa","Chacabuco","p133",2014,704483.990026579
"65","Hombre","Completa","Chacabuco","p133",2015,699446.443394341
"66","Hombre","Completa","Chañaral","p32",2010,425862.785847143
"67","Hombre","Completa","Chañaral","p32",2011,514573.631301793
"68","Hombre","Completa","Chañaral","p32",2012,545170.018419612
"69","Hombre","Completa","Chañaral","p32",2013,673860.73370075
"70","Hombre","Completa","Chañaral","p32",2014,540149.937522971
"71","Hombre","Completa","Chañaral","p32",2015,603184.079376305
"72","Hombre","Completa","Chiloé","p102",2010,352584.605136262
"73","Hombre","Completa","Chiloé","p102",2011,353671.068532457
"74","Hombre","Completa","Chiloé","p102",2012,439241.543204059
"75","Hombre","Completa","Chiloé","p102",2013,431470.692949924
"76","Hombre","Completa","Chiloé","p102",2014,475392.442951249
"77","Hombre","Completa","Chiloé","p102",2015,463780.26258498
"78","Hombre","Completa","Choapa","p42",2010,399568.815427125
"79","Hombre","Completa","Choapa","p42",2011,349965.727325241
"80","Hombre","Completa","Choapa","p42",2012,369396.199237107
"81","Hombre","Completa","Choapa","p42",2013,453267.789558467
"82","Hombre","Completa","Choapa","p42",2014,465904.285156118
"83","Hombre","Completa","Choapa","p42",2015,521296.225543924
"84","Hombre","Completa","Colchagua","p63",2010,296387.961375095
"85","Hombre","Completa","Colchagua","p63",2011,339320.690501117
"86","Hombre","Completa","Colchagua","p63",2012,350869.730597504
"87","Hombre","Completa","Colchagua","p63",2013,376265.878056377
"88","Hombre","Completa","Colchagua","p63",2014,346757.993469909
"89","Hombre","Completa","Colchagua","p63",2015,363418.283889173
"90","Hombre","Completa","Concepción","p81",2010,401622.13454422
"91","Hombre","Completa","Concepción","p81",2011,463159.012022548
"92","Hombre","Completa","Concepción","p81",2012,436114.323915934
"93","Hombre","Completa","Concepción","p81",2013,470499.089269801
"94","Hombre","Completa","Concepción","p81",2014,517502.528799556
"95","Hombre","Completa","Concepción","p81",2015,554676.506120576
"96","Hombre","Completa","Copiapó","p31",2010,513172.927561414
"97","Hombre","Completa","Copiapó","p31",2011,582782.299217415
"98","Hombre","Completa","Copiapó","p31",2012,510089.069593121
"99","Hombre","Completa","Copiapó","p31",2013,670696.643813514
"100","Hombre","Completa","Copiapó","p31",2014,664758.336689082
"101","Hombre","Completa","Copiapó","p31",2015,720465.234376262
"102","Hombre","Completa","Cordillera","p152",2010,389048.568875593
"103","Hombre","Completa","Cordillera","p152",2011,413558.988654942
"104","Hombre","Completa","Cordillera","p152",2012,520584.658336696
"105","Hombre","Completa","Cordillera","p152",2013,489443.865394915
"106","Hombre","Completa","Cordillera","p152",2014,530158.408297989
"107","Hombre","Completa","Cordillera","p152",2015,606041.957547831
"108","Hombre","Completa","Coyhaique","p111",2010,486552.053541424
"109","Hombre","Completa","Coyhaique","p111",2011,522811.096675197
"110","Hombre","Completa","Coyhaique","p111",2012,514549.267121055
"111","Hombre","Completa","Coyhaique","p111",2013,535441.751857782
"112","Hombre","Completa","Coyhaique","p111",2014,606472.836031589
"113","Hombre","Completa","Coyhaique","p111",2015,779213.216182651
"114","Hombre","Completa","Curicó","p73",2010,329394.528856763
"115","Hombre","Completa","Curicó","p73",2011,327808.342323425
"116","Hombre","Completa","Curicó","p73",2012,343206.155176586
"117","Hombre","Completa","Curicó","p73",2013,364039.214526938
"118","Hombre","Completa","Curicó","p73",2014,393072.407640155
"119","Hombre","Completa","Curicó","p73",2015,468278.788090435
"120","Hombre","Completa","El Loa","p22",2010,718223.565002878
"121","Hombre","Completa","El Loa","p22",2011,824325.342205897
"122","Hombre","Completa","El Loa","p22",2012,828867.79102213
"123","Hombre","Completa","El Loa","p22",2013,1119314.29099063
"124","Hombre","Completa","El Loa","p22",2014,1066731.59433816
"125","Hombre","Completa","El Loa","p22",2015,1061704.47350367
"126","Hombre","Completa","Elqui","p41",2010,448750.281162599
"127","Hombre","Completa","Elqui","p41",2011,472834.366248891
"128","Hombre","Completa","Elqui","p41",2012,533403.799558774
"129","Hombre","Completa","Elqui","p41",2013,574782.569073413
"130","Hombre","Completa","Elqui","p41",2014,603413.868278
"131","Hombre","Completa","Elqui","p41",2015,629098.074019727
"132","Hombre","Completa","General Carrera","p114",2010,293380.521094211
"133","Hombre","Completa","General Carrera","p114",2011,351227.422757963
"134","Hombre","Completa","General Carrera","p114",2012,613601.217586506
"135","Hombre","Completa","General Carrera","p114",2013,736624.33969044
"136","Hombre","Completa","General Carrera","p114",2014,421694.592614187
"137","Hombre","Completa","General Carrera","p114",2015,530854.576891341
"138","Hombre","Completa","Huasco","p33",2010,341942.601456153
"139","Hombre","Completa","Huasco","p33",2011,365897.832812465
"140","Hombre","Completa","Huasco","p33",2012,436939.881638563
"141","Hombre","Completa","Huasco","p33",2013,418168.66985709
"142","Hombre","Completa","Huasco","p33",2014,398487.787531168
"143","Hombre","Completa","Huasco","p33",2015,448633.666123049
"144","Hombre","Completa","Iquique","p11",2010,552048.441604153
"145","Hombre","Completa","Iquique","p11",2011,526707.036046298
"146","Hombre","Completa","Iquique","p11",2012,591422.789009084
"147","Hombre","Completa","Iquique","p11",2013,684223.751724426
"148","Hombre","Completa","Iquique","p11",2014,678893.145668826
"149","Hombre","Completa","Iquique","p11",2015,770869.498867278
"150","Hombre","Completa","Limarí","p43",2010,300158.099823901
"151","Hombre","Completa","Limarí","p43",2011,312780.853645869
"152","Hombre","Completa","Limarí","p43",2012,358429.683074484
"153","Hombre","Completa","Limarí","p43",2013,367705.63647877
"154","Hombre","Completa","Limarí","p43",2014,369094.235730797
"155","Hombre","Completa","Limarí","p43",2015,362473.779643693
"156","Hombre","Completa","Linares","p74",2010,222985.202916076
"157","Hombre","Completa","Linares","p74",2011,253414.720217235
"158","Hombre","Completa","Linares","p74",2012,281659.429730125
"159","Hombre","Completa","Linares","p74",2013,339735.601163834
"160","Hombre","Completa","Linares","p74",2014,346976.499828345
"161","Hombre","Completa","Linares","p74",2015,386161.980868268
"162","Hombre","Completa","Llanquihue","p101",2010,377311.068765221
"163","Hombre","Completa","Llanquihue","p101",2011,455158.970644774
"164","Hombre","Completa","Llanquihue","p101",2012,574164.816136461
"165","Hombre","Completa","Llanquihue","p101",2013,481990.328768016
"166","Hombre","Completa","Llanquihue","p101",2014,592535.040732626
"167","Hombre","Completa","Llanquihue","p101",2015,743481.091033692
"168","Hombre","Completa","Los Andes","p53",2010,550204.338812228
"169","Hombre","Completa","Los Andes","p53",2011,509046.010721767
"170","Hombre","Completa","Los Andes","p53",2012,488618.215316501
"171","Hombre","Completa","Los Andes","p53",2013,506131.969129689
"172","Hombre","Completa","Los Andes","p53",2014,570782.660943171
"173","Hombre","Completa","Los Andes","p53",2015,563492.204480615
"174","Hombre","Completa","Magallanes","p121",2010,802674.551360184
"175","Hombre","Completa","Magallanes","p121",2011,862389.046576123
"176","Hombre","Completa","Magallanes","p121",2012,786961.205759147
"177","Hombre","Completa","Magallanes","p121",2013,781298.887683571
"178","Hombre","Completa","Magallanes","p121",2014,754494.681089715
"179","Hombre","Completa","Magallanes","p121",2015,856754.52676697
"180","Hombre","Completa","Maipo","p134",2010,383282.509456575
"181","Hombre","Completa","Maipo","p134",2011,419828.944417157
"182","Hombre","Completa","Maipo","p134",2012,489598.410363653
"183","Hombre","Completa","Maipo","p134",2013,553258.985916512
"184","Hombre","Completa","Maipo","p134",2014,493128.564664894
"185","Hombre","Completa","Maipo","p134",2015,519807.323548411
"186","Hombre","Completa","Malleco","p92",2010,292830.73398503
"187","Hombre","Completa","Malleco","p92",2011,361374.197855429
"188","Hombre","Completa","Malleco","p92",2012,407636.446895992
"189","Hombre","Completa","Malleco","p92",2013,349172.537884148
"190","Hombre","Completa","Malleco","p92",2014,385483.257593406
"191","Hombre","Completa","Malleco","p92",2015,383423.901210724
"192","Hombre","Completa","Marga Marga","p58",2010,411063.636901548
"193","Hombre","Completa","Marga Marga","p58",2011,480979.507430439
"194","Hombre","Completa","Marga Marga","p58",2012,458707.876310445
"195","Hombre","Completa","Marga Marga","p58",2013,500734.521365145
"196","Hombre","Completa","Marga Marga","p58",2014,537462.325785261
"197","Hombre","Completa","Marga Marga","p58",2015,533087.642643279
"198","Hombre","Completa","Melipilla","p135",2010,376877.339192432
"199","Hombre","Completa","Melipilla","p135",2011,379146.567193362
"200","Hombre","Completa","Melipilla","p135",2012,336249.573612239
"201","Hombre","Completa","Melipilla","p135",2013,356188.763479859
"202","Hombre","Completa","Melipilla","p135",2014,459179.132881155
"203","Hombre","Completa","Melipilla","p135",2015,460379.011293275
"204","Hombre","Completa","Ñuble","p84",2010,270889.09509015
"205","Hombre","Completa","Ñuble","p84",2011,364870.411138361
"206","Hombre","Completa","Ñuble","p84",2012,453369.473740996
"207","Hombre","Completa","Ñuble","p84",2013,435660.406549716
"208","Hombre","Completa","Ñuble","p84",2014,473683.986723433
"209","Hombre","Completa","Ñuble","p84",2015,588868.839378324
"210","Hombre","Completa","Osorno","p103",2010,351734.343307488
"211","Hombre","Completa","Osorno","p103",2011,383137.258052555
"212","Hombre","Completa","Osorno","p103",2012,419066.593146776
"213","Hombre","Completa","Osorno","p103",2013,480845.430867716
"214","Hombre","Completa","Osorno","p103",2014,542729.863953606
"215","Hombre","Completa","Osorno","p103",2015,509254.349316151
"216","Hombre","Completa","Parinacota","p152",2010,178154.068051298
"217","Hombre","Completa","Parinacota","p152",2011,137038.634403989
"218","Hombre","Completa","Parinacota","p152",2012,174394.161652163
"219","Hombre","Completa","Parinacota","p152",2013,183540.194093659
"220","Hombre","Completa","Parinacota","p152",2014,139500.530954306
"221","Hombre","Completa","Parinacota","p152",2015,205715.068698713
"222","Hombre","Completa","Petorca","p54",2010,364577.982436863
"223","Hombre","Completa","Petorca","p54",2011,419595.619060303
"224","Hombre","Completa","Petorca","p54",2012,494077.199761965
"225","Hombre","Completa","Petorca","p54",2013,465925.270594445
"226","Hombre","Completa","Petorca","p54",2014,408359.866321566
"227","Hombre","Completa","Petorca","p54",2015,496706.674972131
"228","Hombre","Completa","Quillota","p55",2010,341985.706903637
"229","Hombre","Completa","Quillota","p55",2011,335103.466395512
"230","Hombre","Completa","Quillota","p55",2012,452837.197244036
"231","Hombre","Completa","Quillota","p55",2013,448699.876125949
"232","Hombre","Completa","Quillota","p55",2014,488911.699918872
"233","Hombre","Completa","Quillota","p55",2015,465615.47882288
"234","Hombre","Completa","Ranco","p142",2010,289231.207265573
"235","Hombre","Completa","Ranco","p142",2011,291638.928105668
"236","Hombre","Completa","Ranco","p142",2012,383869.95580171
"237","Hombre","Completa","Ranco","p142",2013,329550.835641365
"238","Hombre","Completa","Ranco","p142",2014,299339.98678716
"239","Hombre","Completa","Ranco","p142",2015,361992.197155438
"240","Hombre","Completa","San Antonio","p56",2010,297713.599344089
"241","Hombre","Completa","San Antonio","p56",2011,529063.557489119
"242","Hombre","Completa","San Antonio","p56",2012,439926.952866493
"243","Hombre","Completa","San Antonio","p56",2013,391022.648535361
"244","Hombre","Completa","San Antonio","p56",2014,397566.813974389
"245","Hombre","Completa","San Antonio","p56",2015,485533.947626073
"246","Hombre","Completa","San Felipe","p57",2010,313246.985951689
"247","Hombre","Completa","San Felipe","p57",2011,318336.94693556
"248","Hombre","Completa","San Felipe","p57",2012,407904.724853033
"249","Hombre","Completa","San Felipe","p57",2013,438126.030514178
"250","Hombre","Completa","San Felipe","p57",2014,433873.595109138
"251","Hombre","Completa","San Felipe","p57",2015,467348.105281337
"252","Hombre","Completa","Santiago","p131",2010,584869.291175577
"253","Hombre","Completa","Santiago","p131",2011,623614.416359087
"254","Hombre","Completa","Santiago","p131",2012,678391.25886448
"255","Hombre","Completa","Santiago","p131",2013,738522.983242195
"256","Hombre","Completa","Santiago","p131",2014,717246.762362366
"257","Hombre","Completa","Santiago","p131",2015,767152.873148999
"258","Hombre","Completa","Talagante","p136",2010,322169.932615931
"259","Hombre","Completa","Talagante","p136",2011,399001.944078707
"260","Hombre","Completa","Talagante","p136",2012,431634.491485012
"261","Hombre","Completa","Talagante","p136",2013,492456.019373001
"262","Hombre","Completa","Talagante","p136",2014,530165.710304146
"263","Hombre","Completa","Talagante","p136",2015,654186.375852307
"264","Hombre","Completa","Talca","p71",2010,303466.28105165
"265","Hombre","Completa","Talca","p71",2011,372114.510338858
"266","Hombre","Completa","Talca","p71",2012,365179.557653902
"267","Hombre","Completa","Talca","p71",2013,418175.120262802
"268","Hombre","Completa","Talca","p71",2014,438753.117845635
"269","Hombre","Completa","Talca","p71",2015,509815.883349348
"270","Hombre","Completa","Tamarugal","p12",2010,319806.289392282
"271","Hombre","Completa","Tamarugal","p12",2011,310337.373724545
"272","Hombre","Completa","Tamarugal","p12",2012,410810.556635248
"273","Hombre","Completa","Tamarugal","p12",2013,483383.100276889
"274","Hombre","Completa","Tamarugal","p12",2014,454969.784745504
"275","Hombre","Completa","Tamarugal","p12",2015,523384.052692263
"276","Hombre","Completa","Tierra del Fuego","p123",2010,449579.791020783
"277","Hombre","Completa","Tierra del Fuego","p123",2011,480213.821235753
"278","Hombre","Completa","Tierra del Fuego","p123",2012,603250
"279","Hombre","Completa","Tierra del Fuego","p123",2013,852500
"280","Hombre","Completa","Tierra del Fuego","p123",2014,822162.341585561
"281","Hombre","Completa","Tierra del Fuego","p123",2015,640169.016093248
"282","Hombre","Completa","Tocopilla","p23",2010,478549.739227324
"283","Hombre","Completa","Tocopilla","p23",2011,435988.046731775
"284","Hombre","Completa","Tocopilla","p23",2012,620428.099270075
"285","Hombre","Completa","Tocopilla","p23",2013,555225.879951726
"286","Hombre","Completa","Tocopilla","p23",2014,666503.517807834
"287","Hombre","Completa","Tocopilla","p23",2015,455398.873842605
"288","Hombre","Completa","Última Esperanza","p124",2010,436274.835755741
"289","Hombre","Completa","Última Esperanza","p124",2011,376485.727504056
"290","Hombre","Completa","Última Esperanza","p124",2012,467242.480070816
"291","Hombre","Completa","Última Esperanza","p124",2013,595440.049980523
"292","Hombre","Completa","Última Esperanza","p124",2014,576924.527005609
"293","Hombre","Completa","Última Esperanza","p124",2015,857448.086503563
"294","Hombre","Completa","Valdivia","p141",2010,377167.618963366
"295","Hombre","Completa","Valdivia","p141",2011,378107.703908237
"296","Hombre","Completa","Valdivia","p141",2012,456767.59423492
"297","Hombre","Completa","Valdivia","p141",2013,448908.638125448
"298","Hombre","Completa","Valdivia","p141",2014,473329.011634835
"299","Hombre","Completa","Valdivia","p141",2015,525726.25340877
"300","Hombre","Completa","Valparaíso","p51",2010,435919.736711841
"301","Hombre","Completa","Valparaíso","p51",2011,515224.547181595
"302","Hombre","Completa","Valparaíso","p51",2012,597751.112655142
"303","Hombre","Completa","Valparaíso","p51",2013,685746.932274074
"304","Hombre","Completa","Valparaíso","p51",2014,765536.4263389
"305","Hombre","Completa","Valparaíso","p51",2015,722447.954511534
"306","Hombre","Completa",NA,NA,2010,252092.829153373
"307","Hombre","Completa",NA,NA,2011,282592.443599165
"308","Hombre","Completa",NA,NA,2012,344641.778755998
"309","Hombre","Parcial","Antofagasta","p21",2010,254624.931421622
"310","Hombre","Parcial","Antofagasta","p21",2011,310446.155616184
"311","Hombre","Parcial","Antofagasta","p21",2012,336363.117897369
"312","Hombre","Parcial","Antofagasta","p21",2013,313455.630707275
"313","Hombre","Parcial","Antofagasta","p21",2014,280037.843629
"314","Hombre","Parcial","Antofagasta","p21",2015,571093.079722809
"315","Hombre","Parcial","Arauco","p82",2010,115590.462369928
"316","Hombre","Parcial","Arauco","p82",2011,116738.26994865
"317","Hombre","Parcial","Arauco","p82",2012,177253.639609931
"318","Hombre","Parcial","Arauco","p82",2013,104167.291570769
"319","Hombre","Parcial","Arauco","p82",2014,164103.615994046
"320","Hombre","Parcial","Arauco","p82",2015,157031.254077151
"321","Hombre","Parcial","Arica","p151",2010,221423.710753084
"322","Hombre","Parcial","Arica","p151",2011,183980.407911111
"323","Hombre","Parcial","Arica","p151",2012,221626.184036545
"324","Hombre","Parcial","Arica","p151",2013,199165.065179649
"325","Hombre","Parcial","Arica","p151",2014,207244.118052932
"326","Hombre","Parcial","Arica","p151",2015,286133.982667228
"327","Hombre","Parcial","Aysén","p112",2010,201495.826494546
"328","Hombre","Parcial","Aysén","p112",2011,247658.300106941
"329","Hombre","Parcial","Aysén","p112",2012,287832.881773726
"330","Hombre","Parcial","Aysén","p112",2013,293353.105519917
"331","Hombre","Parcial","Aysén","p112",2014,451230.356253995
"332","Hombre","Parcial","Aysén","p112",2015,305879.840681875
"333","Hombre","Parcial","Bíobío","p83",2010,102307.667059468
"334","Hombre","Parcial","Bíobío","p83",2011,122056.481269155
"335","Hombre","Parcial","Bíobío","p83",2012,173384.484940347
"336","Hombre","Parcial","Bíobío","p83",2013,434509.594827127
"337","Hombre","Parcial","Bíobío","p83",2014,126862.96464072
"338","Hombre","Parcial","Bíobío","p83",2015,212153.511589125
"339","Hombre","Parcial","Cachapoal","p61",2010,150154.735994824
"340","Hombre","Parcial","Cachapoal","p61",2011,245778.990340969
"341","Hombre","Parcial","Cachapoal","p61",2012,203849.058888366
"342","Hombre","Parcial","Cachapoal","p61",2013,300410.439606103
"343","Hombre","Parcial","Cachapoal","p61",2014,291561.307857467
"344","Hombre","Parcial","Cachapoal","p61",2015,276462.471349372
"345","Hombre","Parcial","Capitán Prat","p113",2010,1269131.41182218
"346","Hombre","Parcial","Capitán Prat","p113",2011,222320.86721309
"347","Hombre","Parcial","Capitán Prat","p113",2014,153333.333333333
"348","Hombre","Parcial","Cardenal Caro","p62",2010,110603.634189143
"349","Hombre","Parcial","Cardenal Caro","p62",2011,181626.792756121
"350","Hombre","Parcial","Cardenal Caro","p62",2012,189186.558446146
"351","Hombre","Parcial","Cardenal Caro","p62",2013,222027.13804115
"352","Hombre","Parcial","Cardenal Caro","p62",2014,202943.371561235
"353","Hombre","Parcial","Cardenal Caro","p62",2015,260245.48636189
"354","Hombre","Parcial","Cauquenes","p72",2010,101964.158944497
"355","Hombre","Parcial","Cauquenes","p72",2011,219380.947378872
"356","Hombre","Parcial","Cauquenes","p72",2012,230099.155210992
"357","Hombre","Parcial","Cauquenes","p72",2013,124614.736804676
"358","Hombre","Parcial","Cauquenes","p72",2014,189599.813261072
"359","Hombre","Parcial","Cauquenes","p72",2015,181897.301073578
"360","Hombre","Parcial","Cautín","p91",2010,127303.318095055
"361","Hombre","Parcial","Cautín","p91",2011,170324.051577114
"362","Hombre","Parcial","Cautín","p91",2012,122548.488905053
"363","Hombre","Parcial","Cautín","p91",2013,187724.093541285
"364","Hombre","Parcial","Cautín","p91",2014,266015.279758654
"365","Hombre","Parcial","Cautín","p91",2015,183272.656543941
"366","Hombre","Parcial","Chacabuco","p133",2010,173215.904113448
"367","Hombre","Parcial","Chacabuco","p133",2011,108173.961319276
"368","Hombre","Parcial","Chacabuco","p133",2012,194774.368143388
"369","Hombre","Parcial","Chacabuco","p133",2013,204971.698741463
"370","Hombre","Parcial","Chacabuco","p133",2014,178528.464955448
"371","Hombre","Parcial","Chacabuco","p133",2015,158361.683044368
"372","Hombre","Parcial","Chañaral","p32",2010,20000
"373","Hombre","Parcial","Chañaral","p32",2011,72000
"374","Hombre","Parcial","Chañaral","p32",2012,211280.775201154
"375","Hombre","Parcial","Chañaral","p32",2014,467781.566373614
"376","Hombre","Parcial","Chañaral","p32",2015,179136.690731444
"377","Hombre","Parcial","Chiloé","p102",2010,98408.6008234116
"378","Hombre","Parcial","Chiloé","p102",2011,132825.777296919
"379","Hombre","Parcial","Chiloé","p102",2012,182109.730231376
"380","Hombre","Parcial","Chiloé","p102",2013,145148.759832412
"381","Hombre","Parcial","Chiloé","p102",2014,241798.061930736
"382","Hombre","Parcial","Chiloé","p102",2015,256805.346569499
"383","Hombre","Parcial","Choapa","p42",2010,138548.047577409
"384","Hombre","Parcial","Choapa","p42",2011,145599.066882031
"385","Hombre","Parcial","Choapa","p42",2012,237952.26210542
"386","Hombre","Parcial","Choapa","p42",2013,258031.235752224
"387","Hombre","Parcial","Choapa","p42",2014,178871.372971769
"388","Hombre","Parcial","Choapa","p42",2015,226223.03158671
"389","Hombre","Parcial","Colchagua","p63",2010,154059.374883147
"390","Hombre","Parcial","Colchagua","p63",2011,117731.083018714
"391","Hombre","Parcial","Colchagua","p63",2012,267505.066950961
"392","Hombre","Parcial","Colchagua","p63",2013,276790.582762217
"393","Hombre","Parcial","Colchagua","p63",2014,251809.846839951
"394","Hombre","Parcial","Colchagua","p63",2015,140906.854929996
"395","Hombre","Parcial","Concepción","p81",2010,166617.458188287
"396","Hombre","Parcial","Concepción","p81",2011,142678.453021864
"397","Hombre","Parcial","Concepción","p81",2012,142885.17284307
"398","Hombre","Parcial","Concepción","p81",2013,199114.810570468
"399","Hombre","Parcial","Concepción","p81",2014,219753.027325919
"400","Hombre","Parcial","Concepción","p81",2015,220305.097425873
"401","Hombre","Parcial","Copiapó","p31",2010,305937.867406019
"402","Hombre","Parcial","Copiapó","p31",2011,141104.575970274
"403","Hombre","Parcial","Copiapó","p31",2012,185442.334760701
"404","Hombre","Parcial","Copiapó","p31",2013,242674.675482698
"405","Hombre","Parcial","Copiapó","p31",2014,273512.908416616
"406","Hombre","Parcial","Copiapó","p31",2015,296812.375785773
"407","Hombre","Parcial","Cordillera","p152",2010,304541.330322252
"408","Hombre","Parcial","Cordillera","p152",2011,268280.381306599
"409","Hombre","Parcial","Cordillera","p152",2012,367058.379013711
"410","Hombre","Parcial","Cordillera","p152",2013,282154.783227997
"411","Hombre","Parcial","Cordillera","p152",2014,238442.654376354
"412","Hombre","Parcial","Cordillera","p152",2015,207986.015969044
"413","Hombre","Parcial","Coyhaique","p111",2010,329257.061295573
"414","Hombre","Parcial","Coyhaique","p111",2011,327036.592781271
"415","Hombre","Parcial","Coyhaique","p111",2012,327857.875655075
"416","Hombre","Parcial","Coyhaique","p111",2013,301510.104266646
"417","Hombre","Parcial","Coyhaique","p111",2014,406483.746622716
"418","Hombre","Parcial","Coyhaique","p111",2015,386830.83174155
"419","Hombre","Parcial","Curicó","p73",2010,140100.316416976
"420","Hombre","Parcial","Curicó","p73",2011,167307.318678901
"421","Hombre","Parcial","Curicó","p73",2012,160035.793474835
"422","Hombre","Parcial","Curicó","p73",2013,196474.17270714
"423","Hombre","Parcial","Curicó","p73",2014,373181.316170612
"424","Hombre","Parcial","Curicó","p73",2015,364929.521415919
"425","Hombre","Parcial","El Loa","p22",2010,118334.56016821
"426","Hombre","Parcial","El Loa","p22",2011,167200.700601123
"427","Hombre","Parcial","El Loa","p22",2012,309101.783252157
"428","Hombre","Parcial","El Loa","p22",2013,488801.151423015
"429","Hombre","Parcial","El Loa","p22",2014,469000.364130037
"430","Hombre","Parcial","El Loa","p22",2015,347967.663626543
"431","Hombre","Parcial","Elqui","p41",2010,170916.905705652
"432","Hombre","Parcial","Elqui","p41",2011,145714.18724985
"433","Hombre","Parcial","Elqui","p41",2012,267966.182881018
"434","Hombre","Parcial","Elqui","p41",2013,166324.632819889
"435","Hombre","Parcial","Elqui","p41",2014,248328.748551969
"436","Hombre","Parcial","Elqui","p41",2015,231555.677685248
"437","Hombre","Parcial","General Carrera","p114",2010,142437.459162489
"438","Hombre","Parcial","General Carrera","p114",2011,354672.619701475
"439","Hombre","Parcial","General Carrera","p114",2012,417332.749723552
"440","Hombre","Parcial","General Carrera","p114",2013,375508.359692726
"441","Hombre","Parcial","General Carrera","p114",2014,315110.385074553
"442","Hombre","Parcial","General Carrera","p114",2015,437917.144791924
"443","Hombre","Parcial","Huasco","p33",2010,296399.34897767
"444","Hombre","Parcial","Huasco","p33",2011,222210.091755303
"445","Hombre","Parcial","Huasco","p33",2012,199495.701466462
"446","Hombre","Parcial","Huasco","p33",2013,166331.931402628
"447","Hombre","Parcial","Huasco","p33",2014,210583.719426224
"448","Hombre","Parcial","Huasco","p33",2015,132919.577363744
"449","Hombre","Parcial","Iquique","p11",2010,256675.506012942
"450","Hombre","Parcial","Iquique","p11",2011,316971.880826441
"451","Hombre","Parcial","Iquique","p11",2012,341248.22990898
"452","Hombre","Parcial","Iquique","p11",2013,291668.679143565
"453","Hombre","Parcial","Iquique","p11",2014,213015.606839248
"454","Hombre","Parcial","Iquique","p11",2015,298299.956595665
"455","Hombre","Parcial","Limarí","p43",2010,233256.29038381
"456","Hombre","Parcial","Limarí","p43",2011,197870.512983626
"457","Hombre","Parcial","Limarí","p43",2012,156072.233226722
"458","Hombre","Parcial","Limarí","p43",2013,172248.873223009
"459","Hombre","Parcial","Limarí","p43",2014,169179.901125804
"460","Hombre","Parcial","Limarí","p43",2015,147732.979603846
"461","Hombre","Parcial","Linares","p74",2010,98416.6747246727
"462","Hombre","Parcial","Linares","p74",2011,105953.921699128
"463","Hombre","Parcial","Linares","p74",2012,97664.460966461
"464","Hombre","Parcial","Linares","p74",2013,107163.925679816
"465","Hombre","Parcial","Linares","p74",2014,153533.093015349
"466","Hombre","Parcial","Linares","p74",2015,153340.044465599
"467","Hombre","Parcial","Llanquihue","p101",2010,236113.299568844
"468","Hombre","Parcial","Llanquihue","p101",2011,159771.829521275
"469","Hombre","Parcial","Llanquihue","p101",2012,174851.725731936
"470","Hombre","Parcial","Llanquihue","p101",2013,180785.607216904
"471","Hombre","Parcial","Llanquihue","p101",2014,163823.627611434
"472","Hombre","Parcial","Llanquihue","p101",2015,187840.54099582
"473","Hombre","Parcial","Los Andes","p53",2010,266657.122961235
"474","Hombre","Parcial","Los Andes","p53",2011,174483.495552539
"475","Hombre","Parcial","Los Andes","p53",2012,338362.884159204
"476","Hombre","Parcial","Los Andes","p53",2013,303853.988486851
"477","Hombre","Parcial","Los Andes","p53",2014,185962.099542711
"478","Hombre","Parcial","Los Andes","p53",2015,261500.89484095
"479","Hombre","Parcial","Magallanes","p121",2010,208658.35405697
"480","Hombre","Parcial","Magallanes","p121",2011,249147.163860412
"481","Hombre","Parcial","Magallanes","p121",2012,137316.589964859
"482","Hombre","Parcial","Magallanes","p121",2013,843766.415037094
"483","Hombre","Parcial","Magallanes","p121",2014,215525.020530625
"484","Hombre","Parcial","Magallanes","p121",2015,318561.205405497
"485","Hombre","Parcial","Maipo","p134",2010,180949.248132174
"486","Hombre","Parcial","Maipo","p134",2011,132270.084897102
"487","Hombre","Parcial","Maipo","p134",2012,148932.955475624
"488","Hombre","Parcial","Maipo","p134",2013,240779.995917456
"489","Hombre","Parcial","Maipo","p134",2014,243406.496604906
"490","Hombre","Parcial","Maipo","p134",2015,214796.307269257
"491","Hombre","Parcial","Malleco","p92",2010,105906.624871863
"492","Hombre","Parcial","Malleco","p92",2011,103532.875440229
"493","Hombre","Parcial","Malleco","p92",2012,150507.466497373
"494","Hombre","Parcial","Malleco","p92",2013,226795.601678725
"495","Hombre","Parcial","Malleco","p92",2014,170000.580288816
"496","Hombre","Parcial","Malleco","p92",2015,200085.028745878
"497","Hombre","Parcial","Marga Marga","p58",2010,365268.734767818
"498","Hombre","Parcial","Marga Marga","p58",2011,214070.607156398
"499","Hombre","Parcial","Marga Marga","p58",2012,207826.314495201
"500","Hombre","Parcial","Marga Marga","p58",2013,236355.219184276
"501","Hombre","Parcial","Marga Marga","p58",2014,274269.435826157
"502","Hombre","Parcial","Marga Marga","p58",2015,265772.434684448
"503","Hombre","Parcial","Melipilla","p135",2010,115921.096917407
"504","Hombre","Parcial","Melipilla","p135",2011,147189.867702393
"505","Hombre","Parcial","Melipilla","p135",2012,159257.866808651
"506","Hombre","Parcial","Melipilla","p135",2013,214188.488752178
"507","Hombre","Parcial","Melipilla","p135",2014,274767.26902848
"508","Hombre","Parcial","Melipilla","p135",2015,239517.524919906
"509","Hombre","Parcial","Ñuble","p84",2010,103665.496722161
"510","Hombre","Parcial","Ñuble","p84",2011,357722.417458681
"511","Hombre","Parcial","Ñuble","p84",2012,268980.279614931
"512","Hombre","Parcial","Ñuble","p84",2013,187707.133789129
"513","Hombre","Parcial","Ñuble","p84",2014,212390.987992216
"514","Hombre","Parcial","Ñuble","p84",2015,179827.812700398
"515","Hombre","Parcial","Osorno","p103",2010,127824.598894586
"516","Hombre","Parcial","Osorno","p103",2011,235326.36453382
"517","Hombre","Parcial","Osorno","p103",2012,181552.102914645
"518","Hombre","Parcial","Osorno","p103",2013,201775.169590081
"519","Hombre","Parcial","Osorno","p103",2014,138102.378880446
"520","Hombre","Parcial","Osorno","p103",2015,190467.989165622
"521","Hombre","Parcial","Parinacota","p152",2010,79519.616103838
"522","Hombre","Parcial","Parinacota","p152",2011,40808
"523","Hombre","Parcial","Parinacota","p152",2012,77119.318255892
"524","Hombre","Parcial","Parinacota","p152",2013,172416.19342077
"525","Hombre","Parcial","Parinacota","p152",2014,118311.144446528
"526","Hombre","Parcial","Parinacota","p152",2015,20000
"527","Hombre","Parcial","Petorca","p54",2010,132070.292442562
"528","Hombre","Parcial","Petorca","p54",2011,150518.093010661
"529","Hombre","Parcial","Petorca","p54",2012,173374.883529509
"530","Hombre","Parcial","Petorca","p54",2013,161290.55848461
"531","Hombre","Parcial","Petorca","p54",2014,189989.253398785
"532","Hombre","Parcial","Petorca","p54",2015,249418.399390069
"533","Hombre","Parcial","Quillota","p55",2010,97853.4527803846
"534","Hombre","Parcial","Quillota","p55",2011,148877.543233037
"535","Hombre","Parcial","Quillota","p55",2012,213610.159269805
"536","Hombre","Parcial","Quillota","p55",2013,162709.507050496
"537","Hombre","Parcial","Quillota","p55",2014,219681.563156827
"538","Hombre","Parcial","Quillota","p55",2015,226795.1812204
"539","Hombre","Parcial","Ranco","p142",2010,84446.4303519509
"540","Hombre","Parcial","Ranco","p142",2011,79128.5199068209
"541","Hombre","Parcial","Ranco","p142",2012,191690.489571261
"542","Hombre","Parcial","Ranco","p142",2013,467043.251012498
"543","Hombre","Parcial","Ranco","p142",2014,183825.349922588
"544","Hombre","Parcial","Ranco","p142",2015,124099.056071456
"545","Hombre","Parcial","San Antonio","p56",2010,164195.347144685
"546","Hombre","Parcial","San Antonio","p56",2011,227013.906148657
"547","Hombre","Parcial","San Antonio","p56",2012,408890.539406627
"548","Hombre","Parcial","San Antonio","p56",2013,207973.36066298
"549","Hombre","Parcial","San Antonio","p56",2014,171521.253280366
"550","Hombre","Parcial","San Antonio","p56",2015,243591.033286189
"551","Hombre","Parcial","San Felipe","p57",2010,159811.931429458
"552","Hombre","Parcial","San Felipe","p57",2011,193482.815424297
"553","Hombre","Parcial","San Felipe","p57",2012,187582.390827293
"554","Hombre","Parcial","San Felipe","p57",2013,402665.715632689
"555","Hombre","Parcial","San Felipe","p57",2014,332895.883645467
"556","Hombre","Parcial","San Felipe","p57",2015,218500.043340501
"557","Hombre","Parcial","Santiago","p131",2010,217383.000414717
"558","Hombre","Parcial","Santiago","p131",2011,248986.602114615
"559","Hombre","Parcial","Santiago","p131",2012,307391.077034289
"560","Hombre","Parcial","Santiago","p131",2013,293979.255212443
"561","Hombre","Parcial","Santiago","p131",2014,316027.247873593
"562","Hombre","Parcial","Santiago","p131",2015,285729.208324587
"563","Hombre","Parcial","Talagante","p136",2010,114537.733597116
"564","Hombre","Parcial","Talagante","p136",2011,130726.75612201
"565","Hombre","Parcial","Talagante","p136",2012,148739.926042708
"566","Hombre","Parcial","Talagante","p136",2013,165655.063570334
"567","Hombre","Parcial","Talagante","p136",2014,191366.939969997
"568","Hombre","Parcial","Talagante","p136",2015,235436.310304053
"569","Hombre","Parcial","Talca","p71",2010,160225.169357001
"570","Hombre","Parcial","Talca","p71",2011,118291.736727103
"571","Hombre","Parcial","Talca","p71",2012,107210.281333266
"572","Hombre","Parcial","Talca","p71",2013,280594.667588356
"573","Hombre","Parcial","Talca","p71",2014,303297.391219901
"574","Hombre","Parcial","Talca","p71",2015,135468.985662791
"575","Hombre","Parcial","Tamarugal","p12",2010,136147.670181502
"576","Hombre","Parcial","Tamarugal","p12",2011,143477.67052648
"577","Hombre","Parcial","Tamarugal","p12",2012,87100.8258422988
"578","Hombre","Parcial","Tamarugal","p12",2013,333692.014127317
"579","Hombre","Parcial","Tamarugal","p12",2014,232238.4616122
"580","Hombre","Parcial","Tamarugal","p12",2015,237122.304249
"581","Hombre","Parcial","Tierra del Fuego","p123",2013,250000
"582","Hombre","Parcial","Tierra del Fuego","p123",2014,395268.96540315
"583","Hombre","Parcial","Tocopilla","p23",2010,103697.768574617
"584","Hombre","Parcial","Tocopilla","p23",2011,50241.660348749
"585","Hombre","Parcial","Tocopilla","p23",2012,703157.216494845
"586","Hombre","Parcial","Tocopilla","p23",2015,129604.61447942
"587","Hombre","Parcial","Última Esperanza","p124",2010,210205.519671168
"588","Hombre","Parcial","Última Esperanza","p124",2011,200029.996519364
"589","Hombre","Parcial","Última Esperanza","p124",2012,143302.386340521
"590","Hombre","Parcial","Última Esperanza","p124",2013,284003.138976396
"591","Hombre","Parcial","Última Esperanza","p124",2014,428917.052772444
"592","Hombre","Parcial","Última Esperanza","p124",2015,325000
"593","Hombre","Parcial","Valdivia","p141",2010,119689.894697682
"594","Hombre","Parcial","Valdivia","p141",2011,130772.707030964
"595","Hombre","Parcial","Valdivia","p141",2012,204650.329256962
"596","Hombre","Parcial","Valdivia","p141",2013,197352.146935473
"597","Hombre","Parcial","Valdivia","p141",2014,155050.439022926
"598","Hombre","Parcial","Valdivia","p141",2015,223174.721718014
"599","Hombre","Parcial","Valparaíso","p51",2010,185457.898820413
"600","Hombre","Parcial","Valparaíso","p51",2011,199889.202808585
"601","Hombre","Parcial","Valparaíso","p51",2012,180800.950700313
"602","Hombre","Parcial","Valparaíso","p51",2013,222891.804302669
"603","Hombre","Parcial","Valparaíso","p51",2014,309150.492687267
"604","Hombre","Parcial","Valparaíso","p51",2015,310254.474582771
"605","Hombre","Parcial",NA,NA,2010,84283.6141804956
"606","Hombre","Parcial",NA,NA,2011,206350.41573129
"607","Hombre","Parcial",NA,NA,2012,69424.2804928781
"608","Mujer","Completa","Antofagasta","p21",2010,385684.001492408
"609","Mujer","Completa","Antofagasta","p21",2011,384425.957334665
"610","Mujer","Completa","Antofagasta","p21",2012,452103.114413236
"611","Mujer","Completa","Antofagasta","p21",2013,454814.516941184
"612","Mujer","Completa","Antofagasta","p21",2014,479055.908589753
"613","Mujer","Completa","Antofagasta","p21",2015,541002.645807704
"614","Mujer","Completa","Arauco","p82",2010,232471.266817821
"615","Mujer","Completa","Arauco","p82",2011,238548.996899038
"616","Mujer","Completa","Arauco","p82",2012,233621.896030054
"617","Mujer","Completa","Arauco","p82",2013,280759.404524252
"618","Mujer","Completa","Arauco","p82",2014,330893.778848356
"619","Mujer","Completa","Arauco","p82",2015,296932.00783856
"620","Mujer","Completa","Arica","p151",2010,293311.497647443
"621","Mujer","Completa","Arica","p151",2011,283369.632328181
"622","Mujer","Completa","Arica","p151",2012,340480.691762414
"623","Mujer","Completa","Arica","p151",2013,408274.834138392
"624","Mujer","Completa","Arica","p151",2014,391964.345133279
"625","Mujer","Completa","Arica","p151",2015,433456.816716834
"626","Mujer","Completa","Aysén","p112",2010,354468.28304523
"627","Mujer","Completa","Aysén","p112",2011,384092.789145757
"628","Mujer","Completa","Aysén","p112",2012,439566.14946528
"629","Mujer","Completa","Aysén","p112",2013,425680.532432414
"630","Mujer","Completa","Aysén","p112",2014,449293.259478279
"631","Mujer","Completa","Aysén","p112",2015,575045.38497409
"632","Mujer","Completa","Bíobío","p83",2010,276296.645954009
"633","Mujer","Completa","Bíobío","p83",2011,252098.203917082
"634","Mujer","Completa","Bíobío","p83",2012,298262.028838507
"635","Mujer","Completa","Bíobío","p83",2013,312609.58692359
"636","Mujer","Completa","Bíobío","p83",2014,353545.675963176
"637","Mujer","Completa","Bíobío","p83",2015,429839.225255351
"638","Mujer","Completa","Cachapoal","p61",2010,280447.529782868
"639","Mujer","Completa","Cachapoal","p61",2011,314981.517249245
"640","Mujer","Completa","Cachapoal","p61",2012,347316.683120708
"641","Mujer","Completa","Cachapoal","p61",2013,350137.804279392
"642","Mujer","Completa","Cachapoal","p61",2014,371327.31500624
"643","Mujer","Completa","Cachapoal","p61",2015,393476.481415881
"644","Mujer","Completa","Capitán Prat","p113",2010,506284.763719684
"645","Mujer","Completa","Capitán Prat","p113",2011,359419.732399989
"646","Mujer","Completa","Capitán Prat","p113",2012,432067.302350909
"647","Mujer","Completa","Capitán Prat","p113",2013,358833.333333333
"648","Mujer","Completa","Capitán Prat","p113",2014,405800
"649","Mujer","Completa","Cardenal Caro","p62",2010,228411.14455371
"650","Mujer","Completa","Cardenal Caro","p62",2011,250545.54255908
"651","Mujer","Completa","Cardenal Caro","p62",2012,296490.31587708
"652","Mujer","Completa","Cardenal Caro","p62",2013,344658.736674731
"653","Mujer","Completa","Cardenal Caro","p62",2014,336493.625848656
"654","Mujer","Completa","Cardenal Caro","p62",2015,302508.6464013
"655","Mujer","Completa","Cauquenes","p72",2010,186865.583280303
"656","Mujer","Completa","Cauquenes","p72",2011,204344.860396027
"657","Mujer","Completa","Cauquenes","p72",2012,215149.718878283
"658","Mujer","Completa","Cauquenes","p72",2013,270084.70080436
"659","Mujer","Completa","Cauquenes","p72",2014,264178.743584754
"660","Mujer","Completa","Cauquenes","p72",2015,309977.293988937
"661","Mujer","Completa","Cautín","p91",2010,285278.43632627
"662","Mujer","Completa","Cautín","p91",2011,277521.032840385
"663","Mujer","Completa","Cautín","p91",2012,356672.26324527
"664","Mujer","Completa","Cautín","p91",2013,363119.706191777
"665","Mujer","Completa","Cautín","p91",2014,399395.849240534
"666","Mujer","Completa","Cautín","p91",2015,442054.52353397
"667","Mujer","Completa","Chacabuco","p133",2010,277852.842184235
"668","Mujer","Completa","Chacabuco","p133",2011,430830.353353467
"669","Mujer","Completa","Chacabuco","p133",2012,556442.244772665
"670","Mujer","Completa","Chacabuco","p133",2013,363488.892179518
"671","Mujer","Completa","Chacabuco","p133",2014,370275.543236292
"672","Mujer","Completa","Chacabuco","p133",2015,357262.033312166
"673","Mujer","Completa","Chañaral","p32",2010,266719.009012349
"674","Mujer","Completa","Chañaral","p32",2011,353573.680662502
"675","Mujer","Completa","Chañaral","p32",2012,366347.83745007
"676","Mujer","Completa","Chañaral","p32",2013,440148.870140038
"677","Mujer","Completa","Chañaral","p32",2014,363766.359777455
"678","Mujer","Completa","Chañaral","p32",2015,534927.061216335
"679","Mujer","Completa","Chiloé","p102",2010,319530.884055273
"680","Mujer","Completa","Chiloé","p102",2011,286513.849874604
"681","Mujer","Completa","Chiloé","p102",2012,357313.85215065
"682","Mujer","Completa","Chiloé","p102",2013,421116.87250023
"683","Mujer","Completa","Chiloé","p102",2014,409136.877138009
"684","Mujer","Completa","Chiloé","p102",2015,395986.301850933
"685","Mujer","Completa","Choapa","p42",2010,304279.482774239
"686","Mujer","Completa","Choapa","p42",2011,346870.946958758
"687","Mujer","Completa","Choapa","p42",2012,391709.268750899
"688","Mujer","Completa","Choapa","p42",2013,352560.475374963
"689","Mujer","Completa","Choapa","p42",2014,370664.058412664
"690","Mujer","Completa","Choapa","p42",2015,389739.47920814
"691","Mujer","Completa","Colchagua","p63",2010,256492.083573313
"692","Mujer","Completa","Colchagua","p63",2011,278606.173325011
"693","Mujer","Completa","Colchagua","p63",2012,296712.837484045
"694","Mujer","Completa","Colchagua","p63",2013,326726.527438783
"695","Mujer","Completa","Colchagua","p63",2014,322294.755223193
"696","Mujer","Completa","Colchagua","p63",2015,335620.101020674
"697","Mujer","Completa","Concepción","p81",2010,332997.553541559
"698","Mujer","Completa","Concepción","p81",2011,327134.889277025
"699","Mujer","Completa","Concepción","p81",2012,347029.591321749
"700","Mujer","Completa","Concepción","p81",2013,345974.332272127
"701","Mujer","Completa","Concepción","p81",2014,364304.366057163
"702","Mujer","Completa","Concepción","p81",2015,390929.462781105
"703","Mujer","Completa","Copiapó","p31",2010,352134.437095517
"704","Mujer","Completa","Copiapó","p31",2011,422921.863713595
"705","Mujer","Completa","Copiapó","p31",2012,371404.927270327
"706","Mujer","Completa","Copiapó","p31",2013,464817.31631658
"707","Mujer","Completa","Copiapó","p31",2014,505508.407390519
"708","Mujer","Completa","Copiapó","p31",2015,479876.913409076
"709","Mujer","Completa","Cordillera","p152",2010,322822.710765902
"710","Mujer","Completa","Cordillera","p152",2011,347924.404988181
"711","Mujer","Completa","Cordillera","p152",2012,420316.476609484
"712","Mujer","Completa","Cordillera","p152",2013,408430.485688284
"713","Mujer","Completa","Cordillera","p152",2014,462173.939724695
"714","Mujer","Completa","Cordillera","p152",2015,510114.166476829
"715","Mujer","Completa","Coyhaique","p111",2010,390540.286202595
"716","Mujer","Completa","Coyhaique","p111",2011,431447.33026449
"717","Mujer","Completa","Coyhaique","p111",2012,394930.593771641
"718","Mujer","Completa","Coyhaique","p111",2013,407998.735093796
"719","Mujer","Completa","Coyhaique","p111",2014,492616.577176525
"720","Mujer","Completa","Coyhaique","p111",2015,614392.77705687
"721","Mujer","Completa","Curicó","p73",2010,256424.600026563
"722","Mujer","Completa","Curicó","p73",2011,265788.669894474
"723","Mujer","Completa","Curicó","p73",2012,263132.313035167
"724","Mujer","Completa","Curicó","p73",2013,291724.338226209
"725","Mujer","Completa","Curicó","p73",2014,315112.206615841
"726","Mujer","Completa","Curicó","p73",2015,391548.724203437
"727","Mujer","Completa","El Loa","p22",2010,363440.191478662
"728","Mujer","Completa","El Loa","p22",2011,492380.344157135
"729","Mujer","Completa","El Loa","p22",2012,521196.329890257
"730","Mujer","Completa","El Loa","p22",2013,502973.036407264
"731","Mujer","Completa","El Loa","p22",2014,634015.271456046
"732","Mujer","Completa","El Loa","p22",2015,662804.514506576
"733","Mujer","Completa","Elqui","p41",2010,378441.853796227
"734","Mujer","Completa","Elqui","p41",2011,307692.145116319
"735","Mujer","Completa","Elqui","p41",2012,386137.312053514
"736","Mujer","Completa","Elqui","p41",2013,389383.042260654
"737","Mujer","Completa","Elqui","p41",2014,440023.669114733
"738","Mujer","Completa","Elqui","p41",2015,450459.419684907
"739","Mujer","Completa","General Carrera","p114",2010,429269.010597695
"740","Mujer","Completa","General Carrera","p114",2011,704146.954836016
"741","Mujer","Completa","General Carrera","p114",2012,729410.492689518
"742","Mujer","Completa","General Carrera","p114",2013,595687.944615198
"743","Mujer","Completa","General Carrera","p114",2014,363737.390567813
"744","Mujer","Completa","General Carrera","p114",2015,443951.18334522
"745","Mujer","Completa","Huasco","p33",2010,260224.40334675
"746","Mujer","Completa","Huasco","p33",2011,272368.615028958
"747","Mujer","Completa","Huasco","p33",2012,295562.191405042
"748","Mujer","Completa","Huasco","p33",2013,266821.190248402
"749","Mujer","Completa","Huasco","p33",2014,304563.531868559
"750","Mujer","Completa","Huasco","p33",2015,377225.840696623
"751","Mujer","Completa","Iquique","p11",2010,368255.634947526
"752","Mujer","Completa","Iquique","p11",2011,416037.220461546
"753","Mujer","Completa","Iquique","p11",2012,426627.210281333
"754","Mujer","Completa","Iquique","p11",2013,485671.964818713
"755","Mujer","Completa","Iquique","p11",2014,496843.388108215
"756","Mujer","Completa","Iquique","p11",2015,532840.647475278
"757","Mujer","Completa","Limarí","p43",2010,239387.375837617
"758","Mujer","Completa","Limarí","p43",2011,257757.95224522
"759","Mujer","Completa","Limarí","p43",2012,265288.598370056
"760","Mujer","Completa","Limarí","p43",2013,267124.40372924
"761","Mujer","Completa","Limarí","p43",2014,332280.060677205
"762","Mujer","Completa","Limarí","p43",2015,342334.288262635
"763","Mujer","Completa","Linares","p74",2010,225663.83260671
"764","Mujer","Completa","Linares","p74",2011,268736.4211093
"765","Mujer","Completa","Linares","p74",2012,310248.737677572
"766","Mujer","Completa","Linares","p74",2013,289442.08099955
"767","Mujer","Completa","Linares","p74",2014,318541.006399797
"768","Mujer","Completa","Linares","p74",2015,334101.082363341
"769","Mujer","Completa","Llanquihue","p101",2010,276180.95445469
"770","Mujer","Completa","Llanquihue","p101",2011,378248.323235728
"771","Mujer","Completa","Llanquihue","p101",2012,392238.063202839
"772","Mujer","Completa","Llanquihue","p101",2013,361757.838892561
"773","Mujer","Completa","Llanquihue","p101",2014,423422.902625987
"774","Mujer","Completa","Llanquihue","p101",2015,470862.743372148
"775","Mujer","Completa","Los Andes","p53",2010,289285.540877696
"776","Mujer","Completa","Los Andes","p53",2011,362297.496847626
"777","Mujer","Completa","Los Andes","p53",2012,331750.708766748
"778","Mujer","Completa","Los Andes","p53",2013,352978.412524411
"779","Mujer","Completa","Los Andes","p53",2014,381927.319206768
"780","Mujer","Completa","Los Andes","p53",2015,407617.38830769
"781","Mujer","Completa","Magallanes","p121",2010,426717.323839042
"782","Mujer","Completa","Magallanes","p121",2011,477114.714298379
"783","Mujer","Completa","Magallanes","p121",2012,583867.651290676
"784","Mujer","Completa","Magallanes","p121",2013,630263.853037447
"785","Mujer","Completa","Magallanes","p121",2014,579999.568507283
"786","Mujer","Completa","Magallanes","p121",2015,656003.501738361
"787","Mujer","Completa","Maipo","p134",2010,316840.828163995
"788","Mujer","Completa","Maipo","p134",2011,313022.258666545
"789","Mujer","Completa","Maipo","p134",2012,324615.464958123
"790","Mujer","Completa","Maipo","p134",2013,393698.394753789
"791","Mujer","Completa","Maipo","p134",2014,420145.003510877
"792","Mujer","Completa","Maipo","p134",2015,418031.515499188
"793","Mujer","Completa","Malleco","p92",2010,266747.73034838
"794","Mujer","Completa","Malleco","p92",2011,260482.462811214
"795","Mujer","Completa","Malleco","p92",2012,281685.330522342
"796","Mujer","Completa","Malleco","p92",2013,298990.692063527
"797","Mujer","Completa","Malleco","p92",2014,312648.558115188
"798","Mujer","Completa","Malleco","p92",2015,330342.766081028
"799","Mujer","Completa","Marga Marga","p58",2010,283881.207531879
"800","Mujer","Completa","Marga Marga","p58",2011,289099.05637831
"801","Mujer","Completa","Marga Marga","p58",2012,339948.02331412
"802","Mujer","Completa","Marga Marga","p58",2013,377402.602131388
"803","Mujer","Completa","Marga Marga","p58",2014,439479.836481858
"804","Mujer","Completa","Marga Marga","p58",2015,391235.907440141
"805","Mujer","Completa","Melipilla","p135",2010,271215.219640291
"806","Mujer","Completa","Melipilla","p135",2011,242109.827840178
"807","Mujer","Completa","Melipilla","p135",2012,265213.081176171
"808","Mujer","Completa","Melipilla","p135",2013,310688.616226249
"809","Mujer","Completa","Melipilla","p135",2014,336288.865652051
"810","Mujer","Completa","Melipilla","p135",2015,302378.174874226
"811","Mujer","Completa","Ñuble","p84",2010,279823.037124721
"812","Mujer","Completa","Ñuble","p84",2011,310483.352926919
"813","Mujer","Completa","Ñuble","p84",2012,410304.106747848
"814","Mujer","Completa","Ñuble","p84",2013,397569.670075588
"815","Mujer","Completa","Ñuble","p84",2014,432401.187927146
"816","Mujer","Completa","Ñuble","p84",2015,541063.990191361
"817","Mujer","Completa","Osorno","p103",2010,264468.126928572
"818","Mujer","Completa","Osorno","p103",2011,348762.778485256
"819","Mujer","Completa","Osorno","p103",2012,360025.986054992
"820","Mujer","Completa","Osorno","p103",2013,453766.293979113
"821","Mujer","Completa","Osorno","p103",2014,373100.378751783
"822","Mujer","Completa","Osorno","p103",2015,433953.941723142
"823","Mujer","Completa","Parinacota","p152",2010,94764.1535269752
"824","Mujer","Completa","Parinacota","p152",2011,59555.6770116633
"825","Mujer","Completa","Parinacota","p152",2012,103819.418276395
"826","Mujer","Completa","Parinacota","p152",2013,209583.853860952
"827","Mujer","Completa","Parinacota","p152",2014,114797.641895794
"828","Mujer","Completa","Parinacota","p152",2015,195135.824832976
"829","Mujer","Completa","Petorca","p54",2010,228021.663693512
"830","Mujer","Completa","Petorca","p54",2011,258449.535136274
"831","Mujer","Completa","Petorca","p54",2012,263578.707601867
"832","Mujer","Completa","Petorca","p54",2013,350797.98744197
"833","Mujer","Completa","Petorca","p54",2014,306570.478660997
"834","Mujer","Completa","Petorca","p54",2015,362360.136424143
"835","Mujer","Completa","Quillota","p55",2010,239620.875128289
"836","Mujer","Completa","Quillota","p55",2011,254227.152211069
"837","Mujer","Completa","Quillota","p55",2012,294489.020903969
"838","Mujer","Completa","Quillota","p55",2013,314694.137376826
"839","Mujer","Completa","Quillota","p55",2014,352093.084508855
"840","Mujer","Completa","Quillota","p55",2015,370822.03919117
"841","Mujer","Completa","Ranco","p142",2010,249630.129152687
"842","Mujer","Completa","Ranco","p142",2011,278029.496609867
"843","Mujer","Completa","Ranco","p142",2012,309441.689013665
"844","Mujer","Completa","Ranco","p142",2013,314921.224043903
"845","Mujer","Completa","Ranco","p142",2014,310458.402834057
"846","Mujer","Completa","Ranco","p142",2015,372347.923411903
"847","Mujer","Completa","San Antonio","p56",2010,238365.401199395
"848","Mujer","Completa","San Antonio","p56",2011,283990.870809278
"849","Mujer","Completa","San Antonio","p56",2012,388378.20285831
"850","Mujer","Completa","San Antonio","p56",2013,372075.951219365
"851","Mujer","Completa","San Antonio","p56",2014,441883.359677179
"852","Mujer","Completa","San Antonio","p56",2015,460232.572000289
"853","Mujer","Completa","San Felipe","p57",2010,266225.900561944
"854","Mujer","Completa","San Felipe","p57",2011,248862.721985008
"855","Mujer","Completa","San Felipe","p57",2012,306799.069866785
"856","Mujer","Completa","San Felipe","p57",2013,329940.338881139
"857","Mujer","Completa","San Felipe","p57",2014,389296.754971107
"858","Mujer","Completa","San Felipe","p57",2015,332268.648761326
"859","Mujer","Completa","Santiago","p131",2010,398375.152889989
"860","Mujer","Completa","Santiago","p131",2011,418864.104738375
"861","Mujer","Completa","Santiago","p131",2012,483798.158477401
"862","Mujer","Completa","Santiago","p131",2013,498456.300458524
"863","Mujer","Completa","Santiago","p131",2014,527803.865589547
"864","Mujer","Completa","Santiago","p131",2015,542420.241275922
"865","Mujer","Completa","Talagante","p136",2010,287892.137051589
"866","Mujer","Completa","Talagante","p136",2011,314974.526112101
"867","Mujer","Completa","Talagante","p136",2012,322209.667737804
"868","Mujer","Completa","Talagante","p136",2013,421565.919938268
"869","Mujer","Completa","Talagante","p136",2014,416389.310432426
"870","Mujer","Completa","Talagante","p136",2015,466617.914769074
"871","Mujer","Completa","Talca","p71",2010,254795.274168581
"872","Mujer","Completa","Talca","p71",2011,305448.646236009
"873","Mujer","Completa","Talca","p71",2012,287050.410211442
"874","Mujer","Completa","Talca","p71",2013,352123.622039663
"875","Mujer","Completa","Talca","p71",2014,343122.412868061
"876","Mujer","Completa","Talca","p71",2015,370170.144641645
"877","Mujer","Completa","Tamarugal","p12",2010,238755.644967502
"878","Mujer","Completa","Tamarugal","p12",2011,267238.53663513
"879","Mujer","Completa","Tamarugal","p12",2012,283779.77987084
"880","Mujer","Completa","Tamarugal","p12",2013,321139.286047616
"881","Mujer","Completa","Tamarugal","p12",2014,365620.667804561
"882","Mujer","Completa","Tamarugal","p12",2015,407834.960720307
"883","Mujer","Completa","Tierra del Fuego","p123",2010,494991.546302111
"884","Mujer","Completa","Tierra del Fuego","p123",2011,297738.107677486
"885","Mujer","Completa","Tierra del Fuego","p123",2012,370000
"886","Mujer","Completa","Tierra del Fuego","p123",2013,368000
"887","Mujer","Completa","Tierra del Fuego","p123",2014,887646.215742468
"888","Mujer","Completa","Tierra del Fuego","p123",2015,827287.50839247
"889","Mujer","Completa","Tocopilla","p23",2010,338396.612215055
"890","Mujer","Completa","Tocopilla","p23",2011,425382.659467716
"891","Mujer","Completa","Tocopilla","p23",2012,359928.905432785
"892","Mujer","Completa","Tocopilla","p23",2013,280911.695762743
"893","Mujer","Completa","Tocopilla","p23",2014,416150.554346113
"894","Mujer","Completa","Tocopilla","p23",2015,425813.744063296
"895","Mujer","Completa","Última Esperanza","p124",2010,312749.505608391
"896","Mujer","Completa","Última Esperanza","p124",2011,360565.183876638
"897","Mujer","Completa","Última Esperanza","p124",2012,827877.282756937
"898","Mujer","Completa","Última Esperanza","p124",2013,561589.380613084
"899","Mujer","Completa","Última Esperanza","p124",2014,707420.045968376
"900","Mujer","Completa","Última Esperanza","p124",2015,779938.820031274
"901","Mujer","Completa","Valdivia","p141",2010,296164.232081384
"902","Mujer","Completa","Valdivia","p141",2011,342522.164456169
"903","Mujer","Completa","Valdivia","p141",2012,385550.961817919
"904","Mujer","Completa","Valdivia","p141",2013,381530.613489879
"905","Mujer","Completa","Valdivia","p141",2014,440676.743094861
"906","Mujer","Completa","Valdivia","p141",2015,481024.077820404
"907","Mujer","Completa","Valparaíso","p51",2010,310786.648825525
"908","Mujer","Completa","Valparaíso","p51",2011,313537.68146913
"909","Mujer","Completa","Valparaíso","p51",2012,406887.845827658
"910","Mujer","Completa","Valparaíso","p51",2013,486329.404412273
"911","Mujer","Completa","Valparaíso","p51",2014,610104.946510065
"912","Mujer","Completa","Valparaíso","p51",2015,537279.55875125
"913","Mujer","Completa",NA,NA,2010,200673.93107054
"914","Mujer","Completa",NA,NA,2011,144956.807228411
"915","Mujer","Completa",NA,NA,2012,283908.841885841
"916","Mujer","Parcial","Antofagasta","p21",2010,106317.432271964
"917","Mujer","Parcial","Antofagasta","p21",2011,258112.518156689
"918","Mujer","Parcial","Antofagasta","p21",2012,149358.053859293
"919","Mujer","Parcial","Antofagasta","p21",2013,161802.224683626
"920","Mujer","Parcial","Antofagasta","p21",2014,226101.820152136
"921","Mujer","Parcial","Antofagasta","p21",2015,194709.124526869
"922","Mujer","Parcial","Arauco","p82",2010,66558.2952578103
"923","Mujer","Parcial","Arauco","p82",2011,50036.2366835101
"924","Mujer","Parcial","Arauco","p82",2012,97024.5892270893
"925","Mujer","Parcial","Arauco","p82",2013,56334.8369049405
"926","Mujer","Parcial","Arauco","p82",2014,86416.4493682062
"927","Mujer","Parcial","Arauco","p82",2015,85250.7541297667
"928","Mujer","Parcial","Arica","p151",2010,114335.31022258
"929","Mujer","Parcial","Arica","p151",2011,96449.7753215306
"930","Mujer","Parcial","Arica","p151",2012,126077.130013902
"931","Mujer","Parcial","Arica","p151",2013,116156.109955371
"932","Mujer","Parcial","Arica","p151",2014,144630.749094205
"933","Mujer","Parcial","Arica","p151",2015,141563.379874848
"934","Mujer","Parcial","Aysén","p112",2010,203549.727563236
"935","Mujer","Parcial","Aysén","p112",2011,149748.691954922
"936","Mujer","Parcial","Aysén","p112",2012,146062.617917609
"937","Mujer","Parcial","Aysén","p112",2013,219342.744296519
"938","Mujer","Parcial","Aysén","p112",2014,121762.528763804
"939","Mujer","Parcial","Aysén","p112",2015,147032.292613064
"940","Mujer","Parcial","Bíobío","p83",2010,95910.435997576
"941","Mujer","Parcial","Bíobío","p83",2011,104750.0651207
"942","Mujer","Parcial","Bíobío","p83",2012,80896.5291273244
"943","Mujer","Parcial","Bíobío","p83",2013,145224.639624152
"944","Mujer","Parcial","Bíobío","p83",2014,137342.458317114
"945","Mujer","Parcial","Bíobío","p83",2015,141647.225822057
"946","Mujer","Parcial","Cachapoal","p61",2010,112645.275792446
"947","Mujer","Parcial","Cachapoal","p61",2011,104626.97484648
"948","Mujer","Parcial","Cachapoal","p61",2012,178616.905274928
"949","Mujer","Parcial","Cachapoal","p61",2013,135742.320961225
"950","Mujer","Parcial","Cachapoal","p61",2014,156120.298424631
"951","Mujer","Parcial","Cachapoal","p61",2015,149764.859924121
"952","Mujer","Parcial","Capitán Prat","p113",2010,101000
"953","Mujer","Parcial","Capitán Prat","p113",2011,150000
"954","Mujer","Parcial","Capitán Prat","p113",2012,73000
"955","Mujer","Parcial","Capitán Prat","p113",2014,80000
"956","Mujer","Parcial","Cardenal Caro","p62",2010,71814.9353146953
"957","Mujer","Parcial","Cardenal Caro","p62",2011,74495.5151396924
"958","Mujer","Parcial","Cardenal Caro","p62",2012,157541.946857569
"959","Mujer","Parcial","Cardenal Caro","p62",2013,140462.550564901
"960","Mujer","Parcial","Cardenal Caro","p62",2014,127387.450381747
"961","Mujer","Parcial","Cardenal Caro","p62",2015,254708.731775012
"962","Mujer","Parcial","Cauquenes","p72",2010,39639.2125261464
"963","Mujer","Parcial","Cauquenes","p72",2011,67614.3896435011
"964","Mujer","Parcial","Cauquenes","p72",2012,211591.064370552
"965","Mujer","Parcial","Cauquenes","p72",2013,59518.788813376
"966","Mujer","Parcial","Cauquenes","p72",2014,54145.9299736264
"967","Mujer","Parcial","Cauquenes","p72",2015,68315.0177179965
"968","Mujer","Parcial","Cautín","p91",2010,85276.6998411856
"969","Mujer","Parcial","Cautín","p91",2011,71400.2107788484
"970","Mujer","Parcial","Cautín","p91",2012,96983.229454227
"971","Mujer","Parcial","Cautín","p91",2013,128835.399510969
"972","Mujer","Parcial","Cautín","p91",2014,150424.406036164
"973","Mujer","Parcial","Cautín","p91",2015,120210.901434497
"974","Mujer","Parcial","Chacabuco","p133",2010,102598.768995591
"975","Mujer","Parcial","Chacabuco","p133",2011,148782.742538006
"976","Mujer","Parcial","Chacabuco","p133",2012,111047.499445462
"977","Mujer","Parcial","Chacabuco","p133",2013,108050.562562937
"978","Mujer","Parcial","Chacabuco","p133",2014,134004.938431024
"979","Mujer","Parcial","Chacabuco","p133",2015,199391.944323546
"980","Mujer","Parcial","Chañaral","p32",2010,211330.511174641
"981","Mujer","Parcial","Chañaral","p32",2011,89726.9538057411
"982","Mujer","Parcial","Chañaral","p32",2012,100265.126142671
"983","Mujer","Parcial","Chañaral","p32",2013,159043.567330999
"984","Mujer","Parcial","Chañaral","p32",2014,147339.482400412
"985","Mujer","Parcial","Chañaral","p32",2015,120366.41097752
"986","Mujer","Parcial","Chiloé","p102",2010,71469.0098575133
"987","Mujer","Parcial","Chiloé","p102",2011,102765.675361058
"988","Mujer","Parcial","Chiloé","p102",2012,108923.090379354
"989","Mujer","Parcial","Chiloé","p102",2013,141836.089473659
"990","Mujer","Parcial","Chiloé","p102",2014,133756.730072634
"991","Mujer","Parcial","Chiloé","p102",2015,116026.385816475
"992","Mujer","Parcial","Choapa","p42",2010,119563.854069133
"993","Mujer","Parcial","Choapa","p42",2011,98511.8355497323
"994","Mujer","Parcial","Choapa","p42",2012,227569.806084777
"995","Mujer","Parcial","Choapa","p42",2013,162052.702494853
"996","Mujer","Parcial","Choapa","p42",2014,174597.980688141
"997","Mujer","Parcial","Choapa","p42",2015,120125.618915858
"998","Mujer","Parcial","Colchagua","p63",2010,148317.320316281
"999","Mujer","Parcial","Colchagua","p63",2011,96673.6289125947
"1000","Mujer","Parcial","Colchagua","p63",2012,82977.2016674736
"1001","Mujer","Parcial","Colchagua","p63",2013,136458.522328991
"1002","Mujer","Parcial","Colchagua","p63",2014,131344.777012189
"1003","Mujer","Parcial","Colchagua","p63",2015,168355.969079623
"1004","Mujer","Parcial","Concepción","p81",2010,145118.689815661
"1005","Mujer","Parcial","Concepción","p81",2011,111721.487959958
"1006","Mujer","Parcial","Concepción","p81",2012,114263.949015512
"1007","Mujer","Parcial","Concepción","p81",2013,120200.24368988
"1008","Mujer","Parcial","Concepción","p81",2014,154349.158777355
"1009","Mujer","Parcial","Concepción","p81",2015,138286.340632856
"1010","Mujer","Parcial","Copiapó","p31",2010,145402.412918244
"1011","Mujer","Parcial","Copiapó","p31",2011,134875.103155363
"1012","Mujer","Parcial","Copiapó","p31",2012,121093.308465226
"1013","Mujer","Parcial","Copiapó","p31",2013,160761.71559319
"1014","Mujer","Parcial","Copiapó","p31",2014,150465.42391048
"1015","Mujer","Parcial","Copiapó","p31",2015,139316.627802867
"1016","Mujer","Parcial","Cordillera","p152",2010,156502.423258711
"1017","Mujer","Parcial","Cordillera","p152",2011,112148.016086548
"1018","Mujer","Parcial","Cordillera","p152",2012,123097.205950152
"1019","Mujer","Parcial","Cordillera","p152",2013,97009.5456152205
"1020","Mujer","Parcial","Cordillera","p152",2014,142170.795496151
"1021","Mujer","Parcial","Cordillera","p152",2015,138857.961637104
"1022","Mujer","Parcial","Coyhaique","p111",2010,155927.128266149
"1023","Mujer","Parcial","Coyhaique","p111",2011,206339.331057977
"1024","Mujer","Parcial","Coyhaique","p111",2012,133958.583657852
"1025","Mujer","Parcial","Coyhaique","p111",2013,186432.721282535
"1026","Mujer","Parcial","Coyhaique","p111",2014,220360.486378808
"1027","Mujer","Parcial","Coyhaique","p111",2015,285592.250159925
"1028","Mujer","Parcial","Curicó","p73",2010,163563.243349553
"1029","Mujer","Parcial","Curicó","p73",2011,118070.652797244
"1030","Mujer","Parcial","Curicó","p73",2012,100418.557838143
"1031","Mujer","Parcial","Curicó","p73",2013,167111.173316669
"1032","Mujer","Parcial","Curicó","p73",2014,102341.498305994
"1033","Mujer","Parcial","Curicó","p73",2015,175194.32186712
"1034","Mujer","Parcial","El Loa","p22",2010,92473.9722377355
"1035","Mujer","Parcial","El Loa","p22",2011,141379.155445039
"1036","Mujer","Parcial","El Loa","p22",2012,136438.77294193
"1037","Mujer","Parcial","El Loa","p22",2013,213035.401322162
"1038","Mujer","Parcial","El Loa","p22",2014,238303.819642252
"1039","Mujer","Parcial","El Loa","p22",2015,259242.987969974
"1040","Mujer","Parcial","Elqui","p41",2010,99009.0900799926
"1041","Mujer","Parcial","Elqui","p41",2011,95161.7986719385
"1042","Mujer","Parcial","Elqui","p41",2012,138593.177518111
"1043","Mujer","Parcial","Elqui","p41",2013,193326.400709146
"1044","Mujer","Parcial","Elqui","p41",2014,194752.083020029
"1045","Mujer","Parcial","Elqui","p41",2015,204025.069186253
"1046","Mujer","Parcial","General Carrera","p114",2010,87560.6165153289
"1047","Mujer","Parcial","General Carrera","p114",2011,55265.300513726
"1048","Mujer","Parcial","General Carrera","p114",2012,89129.4751754744
"1049","Mujer","Parcial","General Carrera","p114",2013,95088.8679334862
"1050","Mujer","Parcial","General Carrera","p114",2014,208393.242451879
"1051","Mujer","Parcial","General Carrera","p114",2015,182608.442498858
"1052","Mujer","Parcial","Huasco","p33",2010,93667.0220348244
"1053","Mujer","Parcial","Huasco","p33",2011,123124.144703245
"1054","Mujer","Parcial","Huasco","p33",2012,131900.259484736
"1055","Mujer","Parcial","Huasco","p33",2013,86502.0560175572
"1056","Mujer","Parcial","Huasco","p33",2014,173114.630846493
"1057","Mujer","Parcial","Huasco","p33",2015,125346.593745574
"1058","Mujer","Parcial","Iquique","p11",2010,151310.438049799
"1059","Mujer","Parcial","Iquique","p11",2011,213488.02671657
"1060","Mujer","Parcial","Iquique","p11",2012,145121.235324249
"1061","Mujer","Parcial","Iquique","p11",2013,188628.723792704
"1062","Mujer","Parcial","Iquique","p11",2014,164304.786999918
"1063","Mujer","Parcial","Iquique","p11",2015,224435.284023655
"1064","Mujer","Parcial","Limarí","p43",2010,95437.3150854981
"1065","Mujer","Parcial","Limarí","p43",2011,103653.136050581
"1066","Mujer","Parcial","Limarí","p43",2012,109456.369448155
"1067","Mujer","Parcial","Limarí","p43",2013,127889.36136192
"1068","Mujer","Parcial","Limarí","p43",2014,101624.218880577
"1069","Mujer","Parcial","Limarí","p43",2015,111573.30576698
"1070","Mujer","Parcial","Linares","p74",2010,98801.5754059543
"1071","Mujer","Parcial","Linares","p74",2011,76837.1610124051
"1072","Mujer","Parcial","Linares","p74",2012,71188.2473103034
"1073","Mujer","Parcial","Linares","p74",2013,98651.3021418596
"1074","Mujer","Parcial","Linares","p74",2014,75187.1543131205
"1075","Mujer","Parcial","Linares","p74",2015,116129.643299101
"1076","Mujer","Parcial","Llanquihue","p101",2010,108072.921633902
"1077","Mujer","Parcial","Llanquihue","p101",2011,124375.605843465
"1078","Mujer","Parcial","Llanquihue","p101",2012,115073.541397734
"1079","Mujer","Parcial","Llanquihue","p101",2013,117988.367886462
"1080","Mujer","Parcial","Llanquihue","p101",2014,161294.716137855
"1081","Mujer","Parcial","Llanquihue","p101",2015,115123.398666067
"1082","Mujer","Parcial","Los Andes","p53",2010,147276.785877267
"1083","Mujer","Parcial","Los Andes","p53",2011,104569.006083866
"1084","Mujer","Parcial","Los Andes","p53",2012,94498.6430113145
"1085","Mujer","Parcial","Los Andes","p53",2013,140286.264124483
"1086","Mujer","Parcial","Los Andes","p53",2014,143865.402967639
"1087","Mujer","Parcial","Los Andes","p53",2015,162981.897635814
"1088","Mujer","Parcial","Magallanes","p121",2010,220771.660814808
"1089","Mujer","Parcial","Magallanes","p121",2011,235015.706491535
"1090","Mujer","Parcial","Magallanes","p121",2012,205738.290353174
"1091","Mujer","Parcial","Magallanes","p121",2013,208460.526109714
"1092","Mujer","Parcial","Magallanes","p121",2014,213993.627834364
"1093","Mujer","Parcial","Magallanes","p121",2015,306919.226620864
"1094","Mujer","Parcial","Maipo","p134",2010,144173.25460879
"1095","Mujer","Parcial","Maipo","p134",2011,126058.257008651
"1096","Mujer","Parcial","Maipo","p134",2012,135341.14495169
"1097","Mujer","Parcial","Maipo","p134",2013,190048.945392199
"1098","Mujer","Parcial","Maipo","p134",2014,148594.155279481
"1099","Mujer","Parcial","Maipo","p134",2015,170204.252178005
"1100","Mujer","Parcial","Malleco","p92",2010,54858.9669231063
"1101","Mujer","Parcial","Malleco","p92",2011,78352.3961818511
"1102","Mujer","Parcial","Malleco","p92",2012,78687.6077513471
"1103","Mujer","Parcial","Malleco","p92",2013,94439.3312519488
"1104","Mujer","Parcial","Malleco","p92",2014,90677.836128157
"1105","Mujer","Parcial","Malleco","p92",2015,82914.6141220067
"1106","Mujer","Parcial","Marga Marga","p58",2010,122735.887773445
"1107","Mujer","Parcial","Marga Marga","p58",2011,122062.028889891
"1108","Mujer","Parcial","Marga Marga","p58",2012,123804.595496044
"1109","Mujer","Parcial","Marga Marga","p58",2013,111497.44246542
"1110","Mujer","Parcial","Marga Marga","p58",2014,133481.058406786
"1111","Mujer","Parcial","Marga Marga","p58",2015,216188.732554926
"1112","Mujer","Parcial","Melipilla","p135",2010,128825.294210671
"1113","Mujer","Parcial","Melipilla","p135",2011,87047.7728383988
"1114","Mujer","Parcial","Melipilla","p135",2012,120763.852769824
"1115","Mujer","Parcial","Melipilla","p135",2013,141350.625966619
"1116","Mujer","Parcial","Melipilla","p135",2014,225465.982397995
"1117","Mujer","Parcial","Melipilla","p135",2015,336969.0480402
"1118","Mujer","Parcial","Ñuble","p84",2010,58512.2520613778
"1119","Mujer","Parcial","Ñuble","p84",2011,84903.4171966448
"1120","Mujer","Parcial","Ñuble","p84",2012,161327.18777624
"1121","Mujer","Parcial","Ñuble","p84",2013,147052.292674029
"1122","Mujer","Parcial","Ñuble","p84",2014,172093.217540455
"1123","Mujer","Parcial","Ñuble","p84",2015,209311.009131506
"1124","Mujer","Parcial","Osorno","p103",2010,112791.810960977
"1125","Mujer","Parcial","Osorno","p103",2011,92710.3598915809
"1126","Mujer","Parcial","Osorno","p103",2012,136334.647909946
"1127","Mujer","Parcial","Osorno","p103",2013,112112.301998747
"1128","Mujer","Parcial","Osorno","p103",2014,199128.088739512
"1129","Mujer","Parcial","Osorno","p103",2015,160573.675180699
"1130","Mujer","Parcial","Parinacota","p152",2010,69042.5727451798
"1131","Mujer","Parcial","Parinacota","p152",2012,154614.353999596
"1132","Mujer","Parcial","Parinacota","p152",2013,129509.081100521
"1133","Mujer","Parcial","Parinacota","p152",2014,278447.777986124
"1134","Mujer","Parcial","Petorca","p54",2010,106518.154039412
"1135","Mujer","Parcial","Petorca","p54",2011,103744.192141082
"1136","Mujer","Parcial","Petorca","p54",2012,165719.963021882
"1137","Mujer","Parcial","Petorca","p54",2013,114720.637572561
"1138","Mujer","Parcial","Petorca","p54",2014,122942.871081488
"1139","Mujer","Parcial","Petorca","p54",2015,133266.860153538
"1140","Mujer","Parcial","Quillota","p55",2010,92992.0676243726
"1141","Mujer","Parcial","Quillota","p55",2011,109348.112373455
"1142","Mujer","Parcial","Quillota","p55",2012,103375.209169267
"1143","Mujer","Parcial","Quillota","p55",2013,174447.724269872
"1144","Mujer","Parcial","Quillota","p55",2014,159652.324813149
"1145","Mujer","Parcial","Quillota","p55",2015,108933.887308848
"1146","Mujer","Parcial","Ranco","p142",2010,49311.2172520643
"1147","Mujer","Parcial","Ranco","p142",2011,71188.2123042229
"1148","Mujer","Parcial","Ranco","p142",2012,92054.2862109795
"1149","Mujer","Parcial","Ranco","p142",2013,101916.854715215
"1150","Mujer","Parcial","Ranco","p142",2014,106896.241954075
"1151","Mujer","Parcial","Ranco","p142",2015,112362.38518881
"1152","Mujer","Parcial","San Antonio","p56",2010,88671.2807921405
"1153","Mujer","Parcial","San Antonio","p56",2011,151552.630210581
"1154","Mujer","Parcial","San Antonio","p56",2012,139306.750788693
"1155","Mujer","Parcial","San Antonio","p56",2013,128208.212691173
"1156","Mujer","Parcial","San Antonio","p56",2014,103790.637908496
"1157","Mujer","Parcial","San Antonio","p56",2015,229931.041992912
"1158","Mujer","Parcial","San Felipe","p57",2010,116556.93424459
"1159","Mujer","Parcial","San Felipe","p57",2011,89773.8405815874
"1160","Mujer","Parcial","San Felipe","p57",2012,137142.337777106
"1161","Mujer","Parcial","San Felipe","p57",2013,156003.381480456
"1162","Mujer","Parcial","San Felipe","p57",2014,139321.951562309
"1163","Mujer","Parcial","San Felipe","p57",2015,160551.742390414
"1164","Mujer","Parcial","Santiago","p131",2010,167167.113121347
"1165","Mujer","Parcial","Santiago","p131",2011,194347.694921614
"1166","Mujer","Parcial","Santiago","p131",2012,186262.099477108
"1167","Mujer","Parcial","Santiago","p131",2013,192203.51984805
"1168","Mujer","Parcial","Santiago","p131",2014,221315.314666385
"1169","Mujer","Parcial","Santiago","p131",2015,212848.600672217
"1170","Mujer","Parcial","Talagante","p136",2010,88958.7714139742
"1171","Mujer","Parcial","Talagante","p136",2011,126431.219467318
"1172","Mujer","Parcial","Talagante","p136",2012,108586.056982265
"1173","Mujer","Parcial","Talagante","p136",2013,115865.657065411
"1174","Mujer","Parcial","Talagante","p136",2014,161274.342587811
"1175","Mujer","Parcial","Talagante","p136",2015,146305.048835177
"1176","Mujer","Parcial","Talca","p71",2010,111822.076900249
"1177","Mujer","Parcial","Talca","p71",2011,105610.793565733
"1178","Mujer","Parcial","Talca","p71",2012,82582.2409201537
"1179","Mujer","Parcial","Talca","p71",2013,157517.032142065
"1180","Mujer","Parcial","Talca","p71",2014,115535.236244761
"1181","Mujer","Parcial","Talca","p71",2015,240821.253812044
"1182","Mujer","Parcial","Tamarugal","p12",2010,118088.585542769
"1183","Mujer","Parcial","Tamarugal","p12",2011,142013.507559436
"1184","Mujer","Parcial","Tamarugal","p12",2012,137422.962178738
"1185","Mujer","Parcial","Tamarugal","p12",2013,161317.424375342
"1186","Mujer","Parcial","Tamarugal","p12",2014,135634.031701216
"1187","Mujer","Parcial","Tamarugal","p12",2015,202602.951377834
"1188","Mujer","Parcial","Tierra del Fuego","p123",2010,140000
"1189","Mujer","Parcial","Tierra del Fuego","p123",2011,190000
"1190","Mujer","Parcial","Tierra del Fuego","p123",2012,295000
"1191","Mujer","Parcial","Tocopilla","p23",2010,115273.157138303
"1192","Mujer","Parcial","Tocopilla","p23",2012,46852.5831597688
"1193","Mujer","Parcial","Tocopilla","p23",2013,247560.820837132
"1194","Mujer","Parcial","Tocopilla","p23",2014,213199.166192912
"1195","Mujer","Parcial","Tocopilla","p23",2015,105231.643004938
"1196","Mujer","Parcial","Última Esperanza","p124",2010,124093.82053949
"1197","Mujer","Parcial","Última Esperanza","p124",2011,56452.2229221259
"1198","Mujer","Parcial","Última Esperanza","p124",2012,99712.5670347792
"1199","Mujer","Parcial","Última Esperanza","p124",2013,100618.593778097
"1200","Mujer","Parcial","Última Esperanza","p124",2014,140683.916809474
"1201","Mujer","Parcial","Última Esperanza","p124",2015,120000
"1202","Mujer","Parcial","Valdivia","p141",2010,100273.886339809
"1203","Mujer","Parcial","Valdivia","p141",2011,88497.1316072362
"1204","Mujer","Parcial","Valdivia","p141",2012,134584.674344644
"1205","Mujer","Parcial","Valdivia","p141",2013,169332.227570784
"1206","Mujer","Parcial","Valdivia","p141",2014,136556.449180527
"1207","Mujer","Parcial","Valdivia","p141",2015,183150.605679959
"1208","Mujer","Parcial","Valparaíso","p51",2010,127318.388464434
"1209","Mujer","Parcial","Valparaíso","p51",2011,146155.947987887
"1210","Mujer","Parcial","Valparaíso","p51",2012,136953.081332965
"1211","Mujer","Parcial","Valparaíso","p51",2013,195797.607441416
"1212","Mujer","Parcial","Valparaíso","p51",2014,254142.569626424
"1213","Mujer","Parcial","Valparaíso","p51",2015,245818.223374833
"1214","Mujer","Parcial",NA,NA,2010,51146.2592944639
"1215","Mujer","Parcial",NA,NA,2011,53142.9043052793
"1216","Mujer","Parcial",NA,NA,2012,91338.0785357993
