"","sex","icse","geography_name","geography_id","year","weighted_median"
"1","Hombre","Asalariado Sector Privado","Antofagasta","2",2010,410401.252691328
"2","Hombre","Asalariado Sector Privado","Antofagasta","2",2011,479730.865659091
"3","Hombre","Asalariado Sector Privado","Antofagasta","2",2012,502810.541835605
"4","Hombre","Asalariado Sector Privado","Antofagasta","2",2013,550745.594215999
"5","Hombre","Asalariado Sector Privado","Antofagasta","2",2014,520371.191149521
"6","Hombre","Asalariado Sector Privado","Antofagasta","2",2015,600162.366949308
"7","Hombre","Asalariado Sector Privado","Araucanía","9",2010,200000
"8","Hombre","Asalariado Sector Privado","Araucanía","9",2011,231111.637604245
"9","Hombre","Asalariado Sector Privado","Araucanía","9",2012,260469.839835712
"10","Hombre","Asalariado Sector Privado","Araucanía","9",2013,263999.280704909
"11","Hombre","Asalariado Sector Privado","Araucanía","9",2014,289828.031188669
"12","Hombre","Asalariado Sector Privado","Araucanía","9",2015,321303.875407462
"13","Hombre","Asalariado Sector Privado","Arica y Parinacota","15",2010,260000
"14","Hombre","Asalariado Sector Privado","Arica y Parinacota","15",2011,251208.301743745
"15","Hombre","Asalariado Sector Privado","Arica y Parinacota","15",2012,300000
"16","Hombre","Asalariado Sector Privado","Arica y Parinacota","15",2013,304677.47013645
"17","Hombre","Asalariado Sector Privado","Arica y Parinacota","15",2014,349934.370898181
"18","Hombre","Asalariado Sector Privado","Arica y Parinacota","15",2015,391589.098152845
"19","Hombre","Asalariado Sector Privado","Atacama","3",2010,320000
"20","Hombre","Asalariado Sector Privado","Atacama","3",2011,358849.299614553
"21","Hombre","Asalariado Sector Privado","Atacama","3",2012,392015.386075142
"22","Hombre","Asalariado Sector Privado","Atacama","3",2013,450000
"23","Hombre","Asalariado Sector Privado","Atacama","3",2014,460000
"24","Hombre","Asalariado Sector Privado","Atacama","3",2015,480015.894241926
"25","Hombre","Asalariado Sector Privado","Aysén","11",2010,250244.6662752
"26","Hombre","Asalariado Sector Privado","Aysén","11",2011,318977.155212936
"27","Hombre","Asalariado Sector Privado","Aysén","11",2012,314874.074657913
"28","Hombre","Asalariado Sector Privado","Aysén","11",2013,338716.058262902
"29","Hombre","Asalariado Sector Privado","Aysén","11",2014,353647.9060072
"30","Hombre","Asalariado Sector Privado","Aysén","11",2015,400108.244632872
"31","Hombre","Asalariado Sector Privado","Bíobío","8",2010,219849.535906204
"32","Hombre","Asalariado Sector Privado","Bíobío","8",2011,250000
"33","Hombre","Asalariado Sector Privado","Bíobío","8",2012,251405.270917803
"34","Hombre","Asalariado Sector Privado","Bíobío","8",2013,298867.110231973
"35","Hombre","Asalariado Sector Privado","Bíobío","8",2014,300000
"36","Hombre","Asalariado Sector Privado","Bíobío","8",2015,350000
"37","Hombre","Asalariado Sector Privado","Coquimbo","4",2010,250000
"38","Hombre","Asalariado Sector Privado","Coquimbo","4",2011,261028.08805954
"39","Hombre","Asalariado Sector Privado","Coquimbo","4",2012,331518.796234299
"40","Hombre","Asalariado Sector Privado","Coquimbo","4",2013,348678.295270635
"41","Hombre","Asalariado Sector Privado","Coquimbo","4",2014,370119.669601531
"42","Hombre","Asalariado Sector Privado","Coquimbo","4",2015,376011.762022294
"43","Hombre","Asalariado Sector Privado","Los Lagos","10",2010,220180.103668003
"44","Hombre","Asalariado Sector Privado","Los Lagos","10",2011,250000
"45","Hombre","Asalariado Sector Privado","Los Lagos","10",2012,269681.94679815
"46","Hombre","Asalariado Sector Privado","Los Lagos","10",2013,298867.110231973
"47","Hombre","Asalariado Sector Privado","Los Lagos","10",2014,313231.00246352
"48","Hombre","Asalariado Sector Privado","Los Lagos","10",2015,360097.420169585
"49","Hombre","Asalariado Sector Privado","Los Ríos","14",2010,193949.413677164
"50","Hombre","Asalariado Sector Privado","Los Ríos","14",2011,228041.292307037
"51","Hombre","Asalariado Sector Privado","Los Ríos","14",2012,266795.955044281
"52","Hombre","Asalariado Sector Privado","Los Ríos","14",2013,280379.575237236
"53","Hombre","Asalariado Sector Privado","Los Ríos","14",2014,299943.746484155
"54","Hombre","Asalariado Sector Privado","Los Ríos","14",2015,338456.313548734
"55","Hombre","Asalariado Sector Privado","Magallanes","12",2010,300000
"56","Hombre","Asalariado Sector Privado","Magallanes","12",2011,300387.530854136
"57","Hombre","Asalariado Sector Privado","Magallanes","12",2012,336766.707584583
"58","Hombre","Asalariado Sector Privado","Magallanes","12",2013,400000
"59","Hombre","Asalariado Sector Privado","Magallanes","12",2014,400000
"60","Hombre","Asalariado Sector Privado","Magallanes","12",2015,431673.254433854
"61","Hombre","Asalariado Sector Privado","Maule","7",2010,184888.664196878
"62","Hombre","Asalariado Sector Privado","Maule","7",2011,198000
"63","Hombre","Asalariado Sector Privado","Maule","7",2012,230000
"64","Hombre","Asalariado Sector Privado","Maule","7",2013,256130.333553602
"65","Hombre","Asalariado Sector Privado","Maule","7",2014,257657.76009096
"66","Hombre","Asalariado Sector Privado","Maule","7",2015,300081.183474654
"67","Hombre","Asalariado Sector Privado","Metropolitana","13",2010,279808.50024426
"68","Hombre","Asalariado Sector Privado","Metropolitana","13",2011,301449.962092494
"69","Hombre","Asalariado Sector Privado","Metropolitana","13",2012,350000
"70","Hombre","Asalariado Sector Privado","Metropolitana","13",2013,390000
"71","Hombre","Asalariado Sector Privado","Metropolitana","13",2014,399924.995312207
"72","Hombre","Asalariado Sector Privado","Metropolitana","13",2015,412210.85906967
"73","Hombre","Asalariado Sector Privado","O'Higgins","6",2010,229842.696629213
"74","Hombre","Asalariado Sector Privado","O'Higgins","6",2011,241159.969673995
"75","Hombre","Asalariado Sector Privado","O'Higgins","6",2012,251127.577319588
"76","Hombre","Asalariado Sector Privado","O'Higgins","6",2013,280179.685784185
"77","Hombre","Asalariado Sector Privado","O'Higgins","6",2014,300000
"78","Hombre","Asalariado Sector Privado","O'Higgins","6",2015,320050.164866861
"79","Hombre","Asalariado Sector Privado","Tarapacá","1",2010,331650.636841556
"80","Hombre","Asalariado Sector Privado","Tarapacá","1",2011,354953.222602244
"81","Hombre","Asalariado Sector Privado","Tarapacá","1",2012,421974.27201462
"82","Hombre","Asalariado Sector Privado","Tarapacá","1",2013,439797.023152959
"83","Hombre","Asalariado Sector Privado","Tarapacá","1",2014,499906.244140259
"84","Hombre","Asalariado Sector Privado","Tarapacá","1",2015,450000
"85","Hombre","Asalariado Sector Privado","Valparaíso","5",2010,230225.092973184
"86","Hombre","Asalariado Sector Privado","Valparaíso","5",2011,257019.594523585
"87","Hombre","Asalariado Sector Privado","Valparaíso","5",2012,284601.394465012
"88","Hombre","Asalariado Sector Privado","Valparaíso","5",2013,320433.800271126
"89","Hombre","Asalariado Sector Privado","Valparaíso","5",2014,353647.9060072
"90","Hombre","Asalariado Sector Privado","Valparaíso","5",2015,375069.050299701
"91","Hombre","Asalariado Sector Privado",NA,NA,2010,179927.486886372
"92","Hombre","Asalariado Sector Privado",NA,NA,2011,221222.21565047
"93","Hombre","Asalariado Sector Privado",NA,NA,2012,200774.364852749
"94","Hombre","Asalariado Sector Público","Antofagasta","2",2010,829432.34000977
"95","Hombre","Asalariado Sector Público","Antofagasta","2",2011,996803.610040425
"96","Hombre","Asalariado Sector Público","Antofagasta","2",2012,900000
"97","Hombre","Asalariado Sector Público","Antofagasta","2",2013,1016232.24605532
"98","Hombre","Asalariado Sector Público","Antofagasta","2",2014,980505.757772034
"99","Hombre","Asalariado Sector Público","Antofagasta","2",2015,841063.416167165
"100","Hombre","Asalariado Sector Público","Araucanía","9",2010,499723.080900216
"101","Hombre","Asalariado Sector Público","Araucanía","9",2011,529176.795363073
"102","Hombre","Asalariado Sector Público","Araucanía","9",2012,605485.621113344
"103","Hombre","Asalariado Sector Público","Araucanía","9",2013,503501.341072998
"104","Hombre","Asalariado Sector Público","Araucanía","9",2014,633115.481032008
"105","Hombre","Asalariado Sector Público","Araucanía","9",2015,627244.010670889
"106","Hombre","Asalariado Sector Público","Arica y Parinacota","15",2010,420411.039342336
"107","Hombre","Asalariado Sector Público","Arica y Parinacota","15",2011,446959.253109059
"108","Hombre","Asalariado Sector Público","Arica y Parinacota","15",2012,485801.995543575
"109","Hombre","Asalariado Sector Público","Arica y Parinacota","15",2013,597734.220463945
"110","Hombre","Asalariado Sector Público","Arica y Parinacota","15",2014,589271.316804506
"111","Hombre","Asalariado Sector Público","Arica y Parinacota","15",2015,600162.366949308
"112","Hombre","Asalariado Sector Público","Atacama","3",2010,487028.714070534
"113","Hombre","Asalariado Sector Público","Atacama","3",2011,401432.786972727
"114","Hombre","Asalariado Sector Público","Atacama","3",2012,502414.555938386
"115","Hombre","Asalariado Sector Público","Atacama","3",2013,644968.023726424
"116","Hombre","Asalariado Sector Público","Atacama","3",2014,600119.870626111
"117","Hombre","Asalariado Sector Público","Atacama","3",2015,654980.886256061
"118","Hombre","Asalariado Sector Público","Aysén","11",2010,697268.832267132
"119","Hombre","Asalariado Sector Público","Aysén","11",2011,911061.442818363
"120","Hombre","Asalariado Sector Público","Aysén","11",2012,761924.306259154
"121","Hombre","Asalariado Sector Público","Aysén","11",2013,925257.400570007
"122","Hombre","Asalariado Sector Público","Aysén","11",2014,799849.990624414
"123","Hombre","Asalariado Sector Público","Aysén","11",2015,980546.861344446
"124","Hombre","Asalariado Sector Público","Bíobío","8",2010,363691.395411874
"125","Hombre","Asalariado Sector Público","Bíobío","8",2011,403655.77593008
"126","Hombre","Asalariado Sector Público","Bíobío","8",2012,468252.601965569
"127","Hombre","Asalariado Sector Público","Bíobío","8",2013,441691.563012998
"128","Hombre","Asalariado Sector Público","Bíobío","8",2014,505211.294296
"129","Hombre","Asalariado Sector Público","Bíobío","8",2015,600158.356048923
"130","Hombre","Asalariado Sector Público","Coquimbo","4",2010,499693.562343984
"131","Hombre","Asalariado Sector Público","Coquimbo","4",2011,401835.637360569
"132","Hombre","Asalariado Sector Público","Coquimbo","4",2012,598682.675172177
"133","Hombre","Asalariado Sector Público","Coquimbo","4",2013,498496.952427593
"134","Hombre","Asalariado Sector Público","Coquimbo","4",2014,605717.917954198
"135","Hombre","Asalariado Sector Público","Coquimbo","4",2015,585166.130386425
"136","Hombre","Asalariado Sector Público","Los Lagos","10",2010,439572.251257278
"137","Hombre","Asalariado Sector Público","Los Lagos","10",2011,502416.60348749
"138","Hombre","Asalariado Sector Público","Los Lagos","10",2012,640298.242552607
"139","Hombre","Asalariado Sector Público","Los Lagos","10",2013,597734.220463945
"140","Hombre","Asalariado Sector Público","Los Lagos","10",2014,617673.041865176
"141","Hombre","Asalariado Sector Público","Los Lagos","10",2015,675990.349766763
"142","Hombre","Asalariado Sector Público","Los Ríos","14",2010,321049.027384926
"143","Hombre","Asalariado Sector Público","Los Ríos","14",2011,420942.160974699
"144","Hombre","Asalariado Sector Público","Los Ríos","14",2012,548445.314822025
"145","Hombre","Asalariado Sector Público","Los Ríos","14",2013,545820.62492516
"146","Hombre","Asalariado Sector Público","Los Ríos","14",2014,599887.492968311
"147","Hombre","Asalariado Sector Público","Los Ríos","14",2015,550775.864205917
"148","Hombre","Asalariado Sector Público","Magallanes","12",2010,870547.383339765
"149","Hombre","Asalariado Sector Público","Magallanes","12",2011,884189.490975278
"150","Hombre","Asalariado Sector Público","Magallanes","12",2012,824267.008234327
"151","Hombre","Asalariado Sector Público","Magallanes","12",2013,897798.926966113
"152","Hombre","Asalariado Sector Público","Magallanes","12",2014,1006175.52804516
"153","Hombre","Asalariado Sector Público","Magallanes","12",2015,1300000
"154","Hombre","Asalariado Sector Público","Maule","7",2010,398821.29544874
"155","Hombre","Asalariado Sector Público","Maule","7",2011,482319.93934799
"156","Hombre","Asalariado Sector Público","Maule","7",2012,364395.419005497
"157","Hombre","Asalariado Sector Público","Maule","7",2013,449065.554330317
"158","Hombre","Asalariado Sector Público","Maule","7",2014,499906.244140259
"159","Hombre","Asalariado Sector Público","Maule","7",2015,536890.235762848
"160","Hombre","Asalariado Sector Público","Metropolitana","13",2010,439869.677707253
"161","Hombre","Asalariado Sector Público","Metropolitana","13",2011,492899.071048995
"162","Hombre","Asalariado Sector Público","Metropolitana","13",2012,476565.30750974
"163","Hombre","Asalariado Sector Público","Metropolitana","13",2013,597734.220463945
"164","Hombre","Asalariado Sector Público","Metropolitana","13",2014,599941.629280259
"165","Hombre","Asalariado Sector Público","Metropolitana","13",2015,702852.227453824
"166","Hombre","Asalariado Sector Público","O'Higgins","6",2010,600653.733853461
"167","Hombre","Asalariado Sector Público","O'Higgins","6",2011,500288.027299103
"168","Hombre","Asalariado Sector Público","O'Higgins","6",2012,551835.325203286
"169","Hombre","Asalariado Sector Público","O'Higgins","6",2013,547923.035425283
"170","Hombre","Asalariado Sector Público","O'Higgins","6",2014,498477.904135675
"171","Hombre","Asalariado Sector Público","O'Higgins","6",2015,600162.366949308
"172","Hombre","Asalariado Sector Público","Tarapacá","1",2010,501318.06774582
"173","Hombre","Asalariado Sector Público","Tarapacá","1",2011,604347.451109484
"174","Hombre","Asalariado Sector Público","Tarapacá","1",2012,545832.342406749
"175","Hombre","Asalariado Sector Público","Tarapacá","1",2013,697356.590541269
"176","Hombre","Asalariado Sector Público","Tarapacá","1",2014,550000
"177","Hombre","Asalariado Sector Público","Tarapacá","1",2015,700000
"178","Hombre","Asalariado Sector Público","Valparaíso","5",2010,449692.232535418
"179","Hombre","Asalariado Sector Público","Valparaíso","5",2011,554510.36901615
"180","Hombre","Asalariado Sector Público","Valparaíso","5",2012,673871.43460751
"181","Hombre","Asalariado Sector Público","Valparaíso","5",2013,672113.65127592
"182","Hombre","Asalariado Sector Público","Valparaíso","5",2014,701533.916530989
"183","Hombre","Asalariado Sector Público","Valparaíso","5",2015,642063.101029615
"184","Hombre","Asalariado Sector Público",NA,NA,2010,204442.306533653
"185","Hombre","Asalariado Sector Público",NA,NA,2011,172965.532317903
"186","Hombre","Asalariado Sector Público",NA,NA,2012,679615.522417294
"187","Hombre","Cuenta Propia","Antofagasta","2",2010,300293.59953024
"188","Hombre","Cuenta Propia","Antofagasta","2",2011,300000
"189","Hombre","Cuenta Propia","Antofagasta","2",2012,326020.574108305
"190","Hombre","Cuenta Propia","Antofagasta","2",2013,320000
"191","Hombre","Cuenta Propia","Antofagasta","2",2014,325654.397875873
"192","Hombre","Cuenta Propia","Antofagasta","2",2015,400000
"193","Hombre","Cuenta Propia","Araucanía","9",2010,75062.8556359613
"194","Hombre","Cuenta Propia","Araucanía","9",2011,100310.771984209
"195","Hombre","Cuenta Propia","Araucanía","9",2012,109533.439669083
"196","Hombre","Cuenta Propia","Araucanía","9",2013,111281.457767495
"197","Hombre","Cuenta Propia","Araucanía","9",2014,150739.973302998
"198","Hombre","Cuenta Propia","Araucanía","9",2015,125483.685170569
"199","Hombre","Cuenta Propia","Arica y Parinacota","15",2010,160107.432063432
"200","Hombre","Cuenta Propia","Arica y Parinacota","15",2011,168567.726913046
"201","Hombre","Cuenta Propia","Arica y Parinacota","15",2012,200000
"202","Hombre","Cuenta Propia","Arica y Parinacota","15",2013,250000
"203","Hombre","Cuenta Propia","Arica y Parinacota","15",2014,247229.038126281
"204","Hombre","Cuenta Propia","Arica y Parinacota","15",2015,300081.183474654
"205","Hombre","Cuenta Propia","Atacama","3",2010,200000
"206","Hombre","Cuenta Propia","Atacama","3",2011,204750.430784999
"207","Hombre","Cuenta Propia","Atacama","3",2012,250765.233370475
"208","Hombre","Cuenta Propia","Atacama","3",2013,249055.92519331
"209","Hombre","Cuenta Propia","Atacama","3",2014,250000
"210","Hombre","Cuenta Propia","Atacama","3",2015,300081.183474654
"211","Hombre","Cuenta Propia","Aysén","11",2010,250244.6662752
"212","Hombre","Cuenta Propia","Aysén","11",2011,250185.578346327
"213","Hombre","Cuenta Propia","Aysén","11",2012,251256.522123848
"214","Hombre","Cuenta Propia","Aysén","11",2013,264124.734613521
"215","Hombre","Cuenta Propia","Aysén","11",2014,282918.32480576
"216","Hombre","Cuenta Propia","Aysén","11",2015,350000
"217","Hombre","Cuenta Propia","Bíobío","8",2010,120000
"218","Hombre","Cuenta Propia","Bíobío","8",2011,130000
"219","Hombre","Cuenta Propia","Bíobío","8",2012,160729.259282258
"220","Hombre","Cuenta Propia","Bíobío","8",2013,150000
"221","Hombre","Cuenta Propia","Bíobío","8",2014,189964.372773298
"222","Hombre","Cuenta Propia","Bíobío","8",2015,190147.465121135
"223","Hombre","Cuenta Propia","Coquimbo","4",2010,175817.813706752
"224","Hombre","Cuenta Propia","Coquimbo","4",2011,220000
"225","Hombre","Cuenta Propia","Coquimbo","4",2012,200047.7389541
"226","Hombre","Cuenta Propia","Coquimbo","4",2013,200271.125169454
"227","Hombre","Cuenta Propia","Coquimbo","4",2014,260000
"228","Hombre","Cuenta Propia","Coquimbo","4",2015,251018.65266208
"229","Hombre","Cuenta Propia","Los Lagos","10",2010,119917.928676111
"230","Hombre","Cuenta Propia","Los Lagos","10",2011,167977.887628248
"231","Hombre","Cuenta Propia","Los Lagos","10",2012,150667.68707277
"232","Hombre","Cuenta Propia","Los Lagos","10",2013,179320.266139184
"233","Hombre","Cuenta Propia","Los Lagos","10",2014,200000
"234","Hombre","Cuenta Propia","Los Lagos","10",2015,200712.533149344
"235","Hombre","Cuenta Propia","Los Ríos","14",2010,123619.223214421
"236","Hombre","Cuenta Propia","Los Ríos","14",2011,120579.984836998
"237","Hombre","Cuenta Propia","Los Ríos","14",2012,145700.958807119
"238","Hombre","Cuenta Propia","Los Ríos","14",2013,129210.302518159
"239","Hombre","Cuenta Propia","Los Ríos","14",2014,200037.603412595
"240","Hombre","Cuenta Propia","Los Ríos","14",2015,180048.710084792
"241","Hombre","Cuenta Propia","Magallanes","12",2010,282170.545577777
"242","Hombre","Cuenta Propia","Magallanes","12",2011,300000
"243","Hombre","Cuenta Propia","Magallanes","12",2012,301686.325101363
"244","Hombre","Cuenta Propia","Magallanes","12",2013,334128.933663673
"245","Hombre","Cuenta Propia","Magallanes","12",2014,301164.74537454
"246","Hombre","Cuenta Propia","Magallanes","12",2015,335717.847371993
"247","Hombre","Cuenta Propia","Maule","7",2010,136959.29852811
"248","Hombre","Cuenta Propia","Maule","7",2011,150000
"249","Hombre","Cuenta Propia","Maule","7",2012,150359.200434343
"250","Hombre","Cuenta Propia","Maule","7",2013,180251.988131472
"251","Hombre","Cuenta Propia","Maule","7",2014,201796.515925266
"252","Hombre","Cuenta Propia","Maule","7",2015,200814.922129664
"253","Hombre","Cuenta Propia","Metropolitana","13",2010,200000
"254","Hombre","Cuenta Propia","Metropolitana","13",2011,200966.641394996
"255","Hombre","Cuenta Propia","Metropolitana","13",2012,251351.971194621
"256","Hombre","Cuenta Propia","Metropolitana","13",2013,298867.110231973
"257","Hombre","Cuenta Propia","Metropolitana","13",2014,300000
"258","Hombre","Cuenta Propia","Metropolitana","13",2015,301144.487191222
"259","Hombre","Cuenta Propia","O'Higgins","6",2010,180000
"260","Hombre","Cuenta Propia","O'Higgins","6",2011,200000
"261","Hombre","Cuenta Propia","O'Higgins","6",2012,200902.06185567
"262","Hombre","Cuenta Propia","O'Higgins","6",2013,249055.92519331
"263","Hombre","Cuenta Propia","O'Higgins","6",2014,261831.588256263
"264","Hombre","Cuenta Propia","O'Higgins","6",2015,300000
"265","Hombre","Cuenta Propia","Tarapacá","1",2010,200000
"266","Hombre","Cuenta Propia","Tarapacá","1",2011,199360.722008085
"267","Hombre","Cuenta Propia","Tarapacá","1",2012,241082.474226804
"268","Hombre","Cuenta Propia","Tarapacá","1",2013,210241.894610136
"269","Hombre","Cuenta Propia","Tarapacá","1",2014,300000
"270","Hombre","Cuenta Propia","Tarapacá","1",2015,300598.53098518
"271","Hombre","Cuenta Propia","Valparaíso","5",2010,160655.239386959
"272","Hombre","Cuenta Propia","Valparaíso","5",2011,180869.977255496
"273","Hombre","Cuenta Propia","Valparaíso","5",2012,200000
"274","Hombre","Cuenta Propia","Valparaíso","5",2013,230000
"275","Hombre","Cuenta Propia","Valparaíso","5",2014,249953.12207013
"276","Hombre","Cuenta Propia","Valparaíso","5",2015,243846.124845102
"277","Hombre","Cuenta Propia",NA,NA,2010,81293.0515198321
"278","Hombre","Cuenta Propia",NA,NA,2011,266490.97878158
"279","Hombre","Cuenta Propia",NA,NA,2012,86519.9291524875
"280","Hombre","Empleador","Antofagasta","2",2010,599589.643380557
"281","Hombre","Empleador","Antofagasta","2",2011,499895.015094484
"282","Hombre","Empleador","Antofagasta","2",2012,402105.173402889
"283","Hombre","Empleador","Antofagasta","2",2013,500677.680096795
"284","Hombre","Empleador","Antofagasta","2",2014,702684.057144348
"285","Hombre","Empleador","Antofagasta","2",2015,700111.121375602
"286","Hombre","Empleador","Araucanía","9",2010,315798.60475206
"287","Hombre","Empleador","Araucanía","9",2011,701676.398791983
"288","Hombre","Empleador","Araucanía","9",2012,301181.140649015
"289","Hombre","Empleador","Araucanía","9",2013,468820.671669143
"290","Hombre","Empleador","Araucanía","9",2014,605252.680649865
"291","Hombre","Empleador","Araucanía","9",2015,449506.24019595
"292","Hombre","Empleador","Arica y Parinacota","15",2010,343691.455538063
"293","Hombre","Empleador","Arica y Parinacota","15",2011,404812.972652034
"294","Hombre","Empleador","Arica y Parinacota","15",2012,391378.372804971
"295","Hombre","Empleador","Arica y Parinacota","15",2013,499843.032415275
"296","Hombre","Empleador","Arica y Parinacota","15",2014,504819.616253097
"297","Hombre","Empleador","Arica y Parinacota","15",2015,502253.027416182
"298","Hombre","Empleador","Atacama","3",2010,535983.536268728
"299","Hombre","Empleador","Atacama","3",2011,805107.671012648
"300","Hombre","Empleador","Atacama","3",2012,691000.445664414
"301","Hombre","Empleador","Atacama","3",2013,423901.262957265
"302","Hombre","Empleador","Atacama","3",2014,501650.782884562
"303","Hombre","Empleador","Atacama","3",2015,592516.77675794
"304","Hombre","Empleador","Aysén","11",2010,600000
"305","Hombre","Empleador","Aysén","11",2011,661934.748098664
"306","Hombre","Empleador","Aysén","11",2012,484589.85989788
"307","Hombre","Empleador","Aysén","11",2013,620017.053410864
"308","Hombre","Empleador","Aysén","11",2014,501997.576116565
"309","Hombre","Empleador","Aysén","11",2015,649633.967824767
"310","Hombre","Empleador","Bíobío","8",2010,400391.46604032
"311","Hombre","Empleador","Bíobío","8",2011,598082.166024255
"312","Hombre","Empleador","Bíobío","8",2012,599279.398238069
"313","Hombre","Empleador","Bíobío","8",2013,642647.895808
"314","Hombre","Empleador","Bíobío","8",2014,600000
"315","Hombre","Empleador","Bíobío","8",2015,702541.213119491
"316","Hombre","Empleador","Coquimbo","4",2010,500000
"317","Hombre","Empleador","Coquimbo","4",2011,486018.290842439
"318","Hombre","Empleador","Coquimbo","4",2012,406668.149629242
"319","Hombre","Empleador","Coquimbo","4",2013,500677.812923635
"320","Hombre","Empleador","Coquimbo","4",2014,505484.659823005
"321","Hombre","Empleador","Coquimbo","4",2015,700133.930330613
"322","Hombre","Empleador","Los Lagos","10",2010,400000
"323","Hombre","Empleador","Los Lagos","10",2011,660117.698072091
"324","Hombre","Empleador","Los Lagos","10",2012,759219.900073214
"325","Hombre","Empleador","Los Lagos","10",2013,651511.642279026
"326","Hombre","Empleador","Los Lagos","10",2014,594650.47821799
"327","Hombre","Empleador","Los Lagos","10",2015,800387.239032171
"328","Hombre","Empleador","Los Ríos","14",2010,349881.568415343
"329","Hombre","Empleador","Los Ríos","14",2011,364015.532820382
"330","Hombre","Empleador","Los Ríos","14",2012,1019434.35360847
"331","Hombre","Empleador","Los Ríos","14",2013,499755.407270694
"332","Hombre","Empleador","Los Ríos","14",2014,498964.098050134
"333","Hombre","Empleador","Los Ríos","14",2015,800000
"334","Hombre","Empleador","Magallanes","12",2010,699728.087534628
"335","Hombre","Empleador","Magallanes","12",2011,602899.924184988
"336","Hombre","Empleador","Magallanes","12",2012,810779.484013026
"337","Hombre","Empleador","Magallanes","12",2013,1137192.27425269
"338","Hombre","Empleador","Magallanes","12",2014,1150239.65318899
"339","Hombre","Empleador","Magallanes","12",2015,1119831.03318158
"340","Hombre","Empleador","Maule","7",2010,300293.59953024
"341","Hombre","Empleador","Maule","7",2011,350000
"342","Hombre","Empleador","Maule","7",2012,400940.217352747
"343","Hombre","Empleador","Maule","7",2013,468742.766237862
"344","Hombre","Empleador","Maule","7",2014,503951.501153148
"345","Hombre","Empleador","Maule","7",2015,501617.729519885
"346","Hombre","Empleador","Metropolitana","13",2010,800782.93208064
"347","Hombre","Empleador","Metropolitana","13",2011,797442.88803234
"348","Hombre","Empleador","Metropolitana","13",2012,1000000
"349","Hombre","Empleador","Metropolitana","13",2013,800000
"350","Hombre","Empleador","Metropolitana","13",2014,808270.54437414
"351","Hombre","Empleador","Metropolitana","13",2015,945296.951953465
"352","Hombre","Empleador","O'Higgins","6",2010,502829.699298934
"353","Hombre","Empleador","O'Higgins","6",2011,502416.60348749
"354","Hombre","Empleador","O'Higgins","6",2012,500253.340604491
"355","Hombre","Empleador","O'Higgins","6",2013,400000
"356","Hombre","Empleador","O'Higgins","6",2014,505211.294296
"357","Hombre","Empleador","O'Higgins","6",2015,559442.933297943
"358","Hombre","Empleador","Tarapacá","1",2010,358449.651950143
"359","Hombre","Empleador","Tarapacá","1",2011,502416.60348749
"360","Hombre","Empleador","Tarapacá","1",2012,601639.407486936
"361","Hombre","Empleador","Tarapacá","1",2013,800615.624652826
"362","Hombre","Empleador","Tarapacá","1",2014,1014156.86563364
"363","Hombre","Empleador","Tarapacá","1",2015,801120.656539687
"364","Hombre","Empleador","Valparaíso","5",2010,400054.392045297
"365","Hombre","Empleador","Valparaíso","5",2011,517607.336643103
"366","Hombre","Empleador","Valparaíso","5",2012,500000
"367","Hombre","Empleador","Valparaíso","5",2013,615177.021030807
"368","Hombre","Empleador","Valparaíso","5",2014,505211.294296
"369","Hombre","Empleador","Valparaíso","5",2015,602444.766388992
"370","Hombre","Empleador",NA,NA,2010,247644.858875627
"371","Hombre","Empleador",NA,NA,2011,249200.902510106
"372","Hombre","Empleador",NA,NA,2012,647248.296451382
"373","Hombre","Personal de Servicio Doméstico Puertas Adentro","Arica y Parinacota","15",2013,40054.2250338908
"374","Hombre","Personal de Servicio Doméstico Puertas Adentro","Atacama","3",2011,160000
"375","Hombre","Personal de Servicio Doméstico Puertas Adentro","Atacama","3",2013,175000
"376","Hombre","Personal de Servicio Doméstico Puertas Adentro","Bíobío","8",2012,301353.092783505
"377","Hombre","Personal de Servicio Doméstico Puertas Adentro","Los Lagos","10",2013,30000
"378","Hombre","Personal de Servicio Doméstico Puertas Adentro","Los Lagos","10",2015,332348.696124594
"379","Hombre","Personal de Servicio Doméstico Puertas Adentro","Los Ríos","14",2013,142089.132212476
"380","Hombre","Personal de Servicio Doméstico Puertas Adentro","Magallanes","12",2010,198000
"381","Hombre","Personal de Servicio Doméstico Puertas Adentro","Magallanes","12",2012,331700.951439715
"382","Hombre","Personal de Servicio Doméstico Puertas Adentro","Maule","7",2015,286135.295278526
"383","Hombre","Personal de Servicio Doméstico Puertas Adentro","Metropolitana","13",2010,321670.950063087
"384","Hombre","Personal de Servicio Doméstico Puertas Adentro","Metropolitana","13",2011,257673.613963149
"385","Hombre","Personal de Servicio Doméstico Puertas Adentro","Metropolitana","13",2012,224791.363057761
"386","Hombre","Personal de Servicio Doméstico Puertas Adentro","Metropolitana","13",2013,224751.902106247
"387","Hombre","Personal de Servicio Doméstico Puertas Adentro","Metropolitana","13",2015,571445.158710321
"388","Hombre","Personal de Servicio Doméstico Puertas Adentro","O'Higgins","6",2010,200195.73302016
"389","Hombre","Personal de Servicio Doméstico Puertas Adentro","Valparaíso","5",2010,76497.6874347798
"390","Hombre","Personal de Servicio Doméstico Puertas Adentro","Valparaíso","5",2011,228441.473577599
"391","Hombre","Personal de Servicio Doméstico Puertas Adentro","Valparaíso","5",2012,130005.104884578
"392","Hombre","Personal de Servicio Doméstico Puertas Adentro","Valparaíso","5",2013,210000
"393","Hombre","Personal de Servicio Doméstico Puertas Afuera","Araucanía","9",2010,165748.981169857
"394","Hombre","Personal de Servicio Doméstico Puertas Afuera","Araucanía","9",2011,56548.6121067127
"395","Hombre","Personal de Servicio Doméstico Puertas Afuera","Araucanía","9",2012,145190.327690816
"396","Hombre","Personal de Servicio Doméstico Puertas Afuera","Araucanía","9",2013,298129.218040432
"397","Hombre","Personal de Servicio Doméstico Puertas Afuera","Araucanía","9",2014,203114.619746059
"398","Hombre","Personal de Servicio Doméstico Puertas Afuera","Arica y Parinacota","15",2010,68874.4125074157
"399","Hombre","Personal de Servicio Doméstico Puertas Afuera","Arica y Parinacota","15",2011,131884.174870851
"400","Hombre","Personal de Servicio Doméstico Puertas Afuera","Arica y Parinacota","15",2012,180000
"401","Hombre","Personal de Servicio Doméstico Puertas Afuera","Arica y Parinacota","15",2013,19924.4740154648
"402","Hombre","Personal de Servicio Doméstico Puertas Afuera","Arica y Parinacota","15",2015,30000
"403","Hombre","Personal de Servicio Doméstico Puertas Afuera","Atacama","3",2010,240234.879624192
"404","Hombre","Personal de Servicio Doméstico Puertas Afuera","Atacama","3",2011,162034.379542364
"405","Hombre","Personal de Servicio Doméstico Puertas Afuera","Atacama","3",2012,197063.367096671
"406","Hombre","Personal de Servicio Doméstico Puertas Afuera","Atacama","3",2015,175000
"407","Hombre","Personal de Servicio Doméstico Puertas Afuera","Aysén","11",2010,201861.846604787
"408","Hombre","Personal de Servicio Doméstico Puertas Afuera","Aysén","11",2011,127759.335934758
"409","Hombre","Personal de Servicio Doméstico Puertas Afuera","Aysén","11",2014,225000
"410","Hombre","Personal de Servicio Doméstico Puertas Afuera","Bíobío","8",2010,196000
"411","Hombre","Personal de Servicio Doméstico Puertas Afuera","Bíobío","8",2011,151343.628293434
"412","Hombre","Personal de Servicio Doméstico Puertas Afuera","Bíobío","8",2012,152223.241507242
"413","Hombre","Personal de Servicio Doméstico Puertas Afuera","Bíobío","8",2014,227345.0824332
"414","Hombre","Personal de Servicio Doméstico Puertas Afuera","Bíobío","8",2015,142947.69267969
"415","Hombre","Personal de Servicio Doméstico Puertas Afuera","Coquimbo","4",2010,80078.293208064
"416","Hombre","Personal de Servicio Doméstico Puertas Afuera","Coquimbo","4",2011,199360.722008085
"417","Hombre","Personal de Servicio Doméstico Puertas Afuera","Coquimbo","4",2012,30135.3092783505
"418","Hombre","Personal de Servicio Doméstico Puertas Afuera","Coquimbo","4",2013,100000
"419","Hombre","Personal de Servicio Doméstico Puertas Afuera","Los Lagos","10",2010,66432.76242433
"420","Hombre","Personal de Servicio Doméstico Puertas Afuera","Los Lagos","10",2011,184469.149917433
"421","Hombre","Personal de Servicio Doméstico Puertas Afuera","Los Lagos","10",2012,142108.291055243
"422","Hombre","Personal de Servicio Doméstico Puertas Afuera","Los Lagos","10",2013,52621.6459999444
"423","Hombre","Personal de Servicio Doméstico Puertas Afuera","Los Lagos","10",2014,202410.790832157
"424","Hombre","Personal de Servicio Doméstico Puertas Afuera","Los Lagos","10",2015,50000
"425","Hombre","Personal de Servicio Doméstico Puertas Afuera","Los Ríos","14",2010,170000
"426","Hombre","Personal de Servicio Doméstico Puertas Afuera","Los Ríos","14",2011,144973.032971011
"427","Hombre","Personal de Servicio Doméstico Puertas Afuera","Los Ríos","14",2012,171478.752915625
"428","Hombre","Personal de Servicio Doméstico Puertas Afuera","Los Ríos","14",2013,295663.847810877
"429","Hombre","Personal de Servicio Doméstico Puertas Afuera","Los Ríos","14",2014,356862.146649876
"430","Hombre","Personal de Servicio Doméstico Puertas Afuera","Los Ríos","14",2015,208933.751073072
"431","Hombre","Personal de Servicio Doméstico Puertas Afuera","Magallanes","12",2013,400000
"432","Hombre","Personal de Servicio Doméstico Puertas Afuera","Maule","7",2010,173139.529459755
"433","Hombre","Personal de Servicio Doméstico Puertas Afuera","Maule","7",2011,170771.698774298
"434","Hombre","Personal de Servicio Doméstico Puertas Afuera","Maule","7",2012,200902.06185567
"435","Hombre","Personal de Servicio Doméstico Puertas Afuera","Maule","7",2013,210147.108968054
"436","Hombre","Personal de Servicio Doméstico Puertas Afuera","Maule","7",2014,236266.760260956
"437","Hombre","Personal de Servicio Doméstico Puertas Afuera","Maule","7",2015,226897.365568439
"438","Hombre","Personal de Servicio Doméstico Puertas Afuera","Metropolitana","13",2010,199906.522402847
"439","Hombre","Personal de Servicio Doméstico Puertas Afuera","Metropolitana","13",2011,193834.320723186
"440","Hombre","Personal de Servicio Doméstico Puertas Afuera","Metropolitana","13",2012,205557.015012478
"441","Hombre","Personal de Servicio Doméstico Puertas Afuera","Metropolitana","13",2013,248461.552847771
"442","Hombre","Personal de Servicio Doméstico Puertas Afuera","Metropolitana","13",2014,284335.032398537
"443","Hombre","Personal de Servicio Doméstico Puertas Afuera","Metropolitana","13",2015,284527.828396292
"444","Hombre","Personal de Servicio Doméstico Puertas Afuera","O'Higgins","6",2010,84429.1773892323
"445","Hombre","Personal de Servicio Doméstico Puertas Afuera","O'Higgins","6",2011,198038.502892454
"446","Hombre","Personal de Servicio Doméstico Puertas Afuera","O'Higgins","6",2012,213243.598497406
"447","Hombre","Personal de Servicio Doméstico Puertas Afuera","O'Higgins","6",2013,176414.711245611
"448","Hombre","Personal de Servicio Doméstico Puertas Afuera","O'Higgins","6",2014,244977.243744645
"449","Hombre","Personal de Servicio Doméstico Puertas Afuera","O'Higgins","6",2015,280180.189506752
"450","Hombre","Personal de Servicio Doméstico Puertas Afuera","Tarapacá","1",2012,243000
"451","Hombre","Personal de Servicio Doméstico Puertas Afuera","Valparaíso","5",2010,161681.339499272
"452","Hombre","Personal de Servicio Doméstico Puertas Afuera","Valparaíso","5",2011,177955.682492606
"453","Hombre","Personal de Servicio Doméstico Puertas Afuera","Valparaíso","5",2012,72362.290077838
"454","Hombre","Personal de Servicio Doméstico Puertas Afuera","Valparaíso","5",2013,239093.688185578
"455","Hombre","Personal de Servicio Doméstico Puertas Afuera","Valparaíso","5",2014,155814.364704655
"456","Hombre","Personal de Servicio Doméstico Puertas Afuera","Valparaíso","5",2015,316774.682306779
"457","Mujer","Asalariado Sector Privado","Antofagasta","2",2010,256233.277656476
"458","Mujer","Asalariado Sector Privado","Antofagasta","2",2011,280000
"459","Mujer","Asalariado Sector Privado","Antofagasta","2",2012,301453.140381985
"460","Mujer","Asalariado Sector Privado","Antofagasta","2",2013,320307.261526796
"461","Mujer","Asalariado Sector Privado","Antofagasta","2",2014,349934.370898181
"462","Mujer","Asalariado Sector Privado","Antofagasta","2",2015,400000
"463","Mujer","Asalariado Sector Privado","Araucanía","9",2010,189000
"464","Mujer","Asalariado Sector Privado","Araucanía","9",2011,208713.375120301
"465","Mujer","Asalariado Sector Privado","Araucanía","9",2012,232986.670074108
"466","Mujer","Asalariado Sector Privado","Araucanía","9",2013,241659.616986771
"467","Mujer","Asalariado Sector Privado","Araucanía","9",2014,279956.186539489
"468","Mujer","Asalariado Sector Privado","Araucanía","9",2015,260048.496515909
"469","Mujer","Asalariado Sector Privado","Arica y Parinacota","15",2010,165886.468001954
"470","Mujer","Asalariado Sector Privado","Arica y Parinacota","15",2011,179873.286640117
"471","Mujer","Asalariado Sector Privado","Arica y Parinacota","15",2012,193000
"472","Mujer","Asalariado Sector Privado","Arica y Parinacota","15",2013,208079.296051153
"473","Mujer","Asalariado Sector Privado","Arica y Parinacota","15",2014,242501.42126208
"474","Mujer","Asalariado Sector Privado","Arica y Parinacota","15",2015,257492.46977231
"475","Mujer","Asalariado Sector Privado","Atacama","3",2010,205468.404971832
"476","Mujer","Asalariado Sector Privado","Atacama","3",2011,231119.544256025
"477","Mujer","Asalariado Sector Privado","Atacama","3",2012,260000
"478","Mujer","Asalariado Sector Privado","Atacama","3",2013,298867.110231973
"479","Mujer","Asalariado Sector Privado","Atacama","3",2014,300000
"480","Mujer","Asalariado Sector Privado","Atacama","3",2015,340382.493047391
"481","Mujer","Asalariado Sector Privado","Aysén","11",2010,222601.840780503
"482","Mujer","Asalariado Sector Privado","Aysén","11",2011,243208.47466448
"483","Mujer","Asalariado Sector Privado","Aysén","11",2012,241349.06008109
"484","Mujer","Asalariado Sector Privado","Aysén","11",2013,280027.659740617
"485","Mujer","Asalariado Sector Privado","Aysén","11",2014,297787.067051987
"486","Mujer","Asalariado Sector Privado","Aysén","11",2015,326251.530743962
"487","Mujer","Asalariado Sector Privado","Bíobío","8",2010,195066.524197823
"488","Mujer","Asalariado Sector Privado","Bíobío","8",2011,202000
"489","Mujer","Asalariado Sector Privado","Bíobío","8",2012,225000
"490","Mujer","Asalariado Sector Privado","Bíobío","8",2013,241052.609254028
"491","Mujer","Asalariado Sector Privado","Bíobío","8",2014,259186.672106213
"492","Mujer","Asalariado Sector Privado","Bíobío","8",2015,280000
"493","Mujer","Asalariado Sector Privado","Coquimbo","4",2010,191007.070772434
"494","Mujer","Asalariado Sector Privado","Coquimbo","4",2011,199360.722008085
"495","Mujer","Asalariado Sector Privado","Coquimbo","4",2012,231292.849244378
"496","Mujer","Asalariado Sector Privado","Coquimbo","4",2013,240000
"497","Mujer","Asalariado Sector Privado","Coquimbo","4",2014,300000
"498","Mujer","Asalariado Sector Privado","Coquimbo","4",2015,300000
"499","Mujer","Asalariado Sector Privado","Los Lagos","10",2010,199863.214460186
"500","Mujer","Asalariado Sector Privado","Los Lagos","10",2011,231753.966441499
"501","Mujer","Asalariado Sector Privado","Los Lagos","10",2012,229002.941261445
"502","Mujer","Asalariado Sector Privado","Los Lagos","10",2013,259018.162201043
"503","Mujer","Asalariado Sector Privado","Los Lagos","10",2014,262709.87303392
"504","Mujer","Asalariado Sector Privado","Los Lagos","10",2015,314287.772787643
"505","Mujer","Asalariado Sector Privado","Los Ríos","14",2010,189870.053737176
"506","Mujer","Asalariado Sector Privado","Los Ríos","14",2011,200000
"507","Mujer","Asalariado Sector Privado","Los Ríos","14",2012,211526.404539622
"508","Mujer","Asalariado Sector Privado","Los Ríos","14",2013,243106.442398895
"509","Mujer","Asalariado Sector Privado","Los Ríos","14",2014,258000
"510","Mujer","Asalariado Sector Privado","Los Ríos","14",2015,287401.044381316
"511","Mujer","Asalariado Sector Privado","Magallanes","12",2010,179876.893014167
"512","Mujer","Asalariado Sector Privado","Magallanes","12",2011,222102.816591216
"513","Mujer","Asalariado Sector Privado","Magallanes","12",2012,302307.842849476
"514","Mujer","Asalariado Sector Privado","Magallanes","12",2013,373214.298625909
"515","Mujer","Asalariado Sector Privado","Magallanes","12",2014,353245.698345064
"516","Mujer","Asalariado Sector Privado","Magallanes","12",2015,341328.813404451
"517","Mujer","Asalariado Sector Privado","Maule","7",2010,170166.373067136
"518","Mujer","Asalariado Sector Privado","Maule","7",2011,181418.257027357
"519","Mujer","Asalariado Sector Privado","Maule","7",2012,200000
"520","Mujer","Asalariado Sector Privado","Maule","7",2013,214367.313233416
"521","Mujer","Asalariado Sector Privado","Maule","7",2014,244954.059628727
"522","Mujer","Asalariado Sector Privado","Maule","7",2015,272049.632130367
"523","Mujer","Asalariado Sector Privado","Metropolitana","13",2010,240000
"524","Mujer","Asalariado Sector Privado","Metropolitana","13",2011,269136.974710915
"525","Mujer","Asalariado Sector Privado","Metropolitana","13",2012,300000
"526","Mujer","Asalariado Sector Privado","Metropolitana","13",2013,300406.687754181
"527","Mujer","Asalariado Sector Privado","Metropolitana","13",2014,344935.308456779
"528","Mujer","Asalariado Sector Privado","Metropolitana","13",2015,354195.217005009
"529","Mujer","Asalariado Sector Privado","O'Higgins","6",2010,199708.434493987
"530","Mujer","Asalariado Sector Privado","O'Higgins","6",2011,219112.327692147
"531","Mujer","Asalariado Sector Privado","O'Higgins","6",2012,218893.960306134
"532","Mujer","Asalariado Sector Privado","O'Higgins","6",2013,219169.214170113
"533","Mujer","Asalariado Sector Privado","O'Higgins","6",2014,252605.647148
"534","Mujer","Asalariado Sector Privado","O'Higgins","6",2015,261064.94008233
"535","Mujer","Asalariado Sector Privado","Tarapacá","1",2010,200000
"536","Mujer","Asalariado Sector Privado","Tarapacá","1",2011,281353.297952994
"537","Mujer","Asalariado Sector Privado","Tarapacá","1",2012,280150.213765324
"538","Mujer","Asalariado Sector Privado","Tarapacá","1",2013,315469.014011265
"539","Mujer","Asalariado Sector Privado","Tarapacá","1",2014,349934.370898181
"540","Mujer","Asalariado Sector Privado","Tarapacá","1",2015,342686.46638879
"541","Mujer","Asalariado Sector Privado","Valparaíso","5",2010,190185.946369152
"542","Mujer","Asalariado Sector Privado","Valparaíso","5",2011,200000
"543","Mujer","Asalariado Sector Privado","Valparaíso","5",2012,221236.638407666
"544","Mujer","Asalariado Sector Privado","Valparaíso","5",2013,250000
"545","Mujer","Asalariado Sector Privado","Valparaíso","5",2014,280000
"546","Mujer","Asalariado Sector Privado","Valparaíso","5",2015,297301.109156666
"547","Mujer","Asalariado Sector Privado",NA,NA,2010,145480.148487788
"548","Mujer","Asalariado Sector Privado",NA,NA,2011,289459.374138103
"549","Mujer","Asalariado Sector Privado",NA,NA,2012,138862.112696231
"550","Mujer","Asalariado Sector Público","Antofagasta","2",2010,400391.46604032
"551","Mujer","Asalariado Sector Público","Antofagasta","2",2011,359246.223146283
"552","Mujer","Asalariado Sector Público","Antofagasta","2",2012,400000
"553","Mujer","Asalariado Sector Público","Antofagasta","2",2013,593372.722616547
"554","Mujer","Asalariado Sector Público","Antofagasta","2",2014,499982.841942838
"555","Mujer","Asalariado Sector Público","Antofagasta","2",2015,550080.316888803
"556","Mujer","Asalariado Sector Público","Araucanía","9",2010,390327.775367426
"557","Mujer","Asalariado Sector Público","Araucanía","9",2011,401017.035448216
"558","Mujer","Asalariado Sector Público","Araucanía","9",2012,381884.189739647
"559","Mujer","Asalariado Sector Público","Araucanía","9",2013,384713.33181095
"560","Mujer","Asalariado Sector Público","Araucanía","9",2014,383454.318233406
"561","Mujer","Asalariado Sector Público","Araucanía","9",2015,502855.32400001
"562","Mujer","Asalariado Sector Público","Arica y Parinacota","15",2010,299934.184301709
"563","Mujer","Asalariado Sector Público","Arica y Parinacota","15",2011,299325.45350243
"564","Mujer","Asalariado Sector Público","Arica y Parinacota","15",2012,400000
"565","Mujer","Asalariado Sector Público","Arica y Parinacota","15",2013,485314.538495947
"566","Mujer","Asalariado Sector Público","Arica y Parinacota","15",2014,543633.952204022
"567","Mujer","Asalariado Sector Público","Arica y Parinacota","15",2015,550035.763424539
"568","Mujer","Asalariado Sector Público","Atacama","3",2010,285331.818082915
"569","Mujer","Asalariado Sector Público","Atacama","3",2011,299041.083012127
"570","Mujer","Asalariado Sector Público","Atacama","3",2012,321443.298969072
"571","Mujer","Asalariado Sector Público","Atacama","3",2013,387349.724656162
"572","Mujer","Asalariado Sector Público","Atacama","3",2014,403174.321602079
"573","Mujer","Asalariado Sector Público","Atacama","3",2015,481955.813111194
"574","Mujer","Asalariado Sector Público","Aysén","11",2010,478034.90724779
"575","Mujer","Asalariado Sector Público","Aysén","11",2011,497836.25260037
"576","Mujer","Asalariado Sector Público","Aysén","11",2012,493210.570356402
"577","Mujer","Asalariado Sector Público","Aysén","11",2013,498748.592698053
"578","Mujer","Asalariado Sector Público","Aysén","11",2014,463677.397776746
"579","Mujer","Asalariado Sector Público","Aysén","11",2015,600000
"580","Mujer","Asalariado Sector Público","Bíobío","8",2010,297180.245463201
"581","Mujer","Asalariado Sector Público","Bíobío","8",2011,322616.809448476
"582","Mujer","Asalariado Sector Público","Bíobío","8",2012,331886.269333682
"583","Mujer","Asalariado Sector Público","Bíobío","8",2013,348534.347104998
"584","Mujer","Asalariado Sector Público","Bíobío","8",2014,363752.13189312
"585","Mujer","Asalariado Sector Público","Bíobío","8",2015,400108.244632872
"586","Mujer","Asalariado Sector Público","Coquimbo","4",2010,359905.41155031
"587","Mujer","Asalariado Sector Público","Coquimbo","4",2011,278172.222425072
"588","Mujer","Asalariado Sector Público","Coquimbo","4",2012,333338.943172857
"589","Mujer","Asalariado Sector Público","Coquimbo","4",2013,380423.122654302
"590","Mujer","Asalariado Sector Público","Coquimbo","4",2014,403088.679325582
"591","Mujer","Asalariado Sector Público","Coquimbo","4",2015,429895.354724021
"592","Mujer","Asalariado Sector Público","Los Lagos","10",2010,324634.521570005
"593","Mujer","Asalariado Sector Público","Los Lagos","10",2011,442105.923484632
"594","Mujer","Asalariado Sector Público","Los Lagos","10",2012,500000
"595","Mujer","Asalariado Sector Público","Los Lagos","10",2013,450000
"596","Mujer","Asalariado Sector Público","Los Lagos","10",2014,499997.972305145
"597","Mujer","Asalariado Sector Público","Los Lagos","10",2015,592883.656898494
"598","Mujer","Asalariado Sector Público","Los Ríos","14",2010,300293.59953024
"599","Mujer","Asalariado Sector Público","Los Ríos","14",2011,353198.872251705
"600","Mujer","Asalariado Sector Público","Los Ríos","14",2012,415940.15489139
"601","Mujer","Asalariado Sector Público","Los Ríos","14",2013,392782.298250111
"602","Mujer","Asalariado Sector Público","Los Ríos","14",2014,364247.770183751
"603","Mujer","Asalariado Sector Público","Los Ríos","14",2015,447901.229267453
"604","Mujer","Asalariado Sector Público","Magallanes","12",2010,499658.036150464
"605","Mujer","Asalariado Sector Público","Magallanes","12",2011,547616.744330226
"606","Mujer","Asalariado Sector Público","Magallanes","12",2012,669791.389161449
"607","Mujer","Asalariado Sector Público","Magallanes","12",2013,839484.278503614
"608","Mujer","Asalariado Sector Público","Magallanes","12",2014,736100.831377818
"609","Mujer","Asalariado Sector Público","Magallanes","12",2015,901315.540648312
"610","Mujer","Asalariado Sector Público","Maule","7",2010,281693.825090053
"611","Mujer","Asalariado Sector Público","Maule","7",2011,350000
"612","Mujer","Asalariado Sector Público","Maule","7",2012,312095.393156111
"613","Mujer","Asalariado Sector Público","Maule","7",2013,357120.893851699
"614","Mujer","Asalariado Sector Público","Maule","7",2014,296304.361357763
"615","Mujer","Asalariado Sector Público","Maule","7",2015,360671.479024997
"616","Mujer","Asalariado Sector Público","Metropolitana","13",2010,349760.625305325
"617","Mujer","Asalariado Sector Público","Metropolitana","13",2011,398721.44401617
"618","Mujer","Asalariado Sector Público","Metropolitana","13",2012,400000
"619","Mujer","Asalariado Sector Público","Metropolitana","13",2013,537960.798417551
"620","Mujer","Asalariado Sector Público","Metropolitana","13",2014,458955.230113135
"621","Mujer","Asalariado Sector Público","Metropolitana","13",2015,565896.450561393
"622","Mujer","Asalariado Sector Público","O'Higgins","6",2010,299794.821690278
"623","Mujer","Asalariado Sector Público","O'Higgins","6",2011,359281.396735938
"624","Mujer","Asalariado Sector Público","O'Higgins","6",2012,350000
"625","Mujer","Asalariado Sector Público","O'Higgins","6",2013,400000
"626","Mujer","Asalariado Sector Público","O'Higgins","6",2014,420000
"627","Mujer","Asalariado Sector Público","O'Higgins","6",2015,420113.656864516
"628","Mujer","Asalariado Sector Público","Tarapacá","1",2010,350342.53278528
"629","Mujer","Asalariado Sector Público","Tarapacá","1",2011,344286.855330845
"630","Mujer","Asalariado Sector Público","Tarapacá","1",2012,503593.553959586
"631","Mujer","Asalariado Sector Público","Tarapacá","1",2013,400542.250338908
"632","Mujer","Asalariado Sector Público","Tarapacá","1",2014,423090.792953414
"633","Mujer","Asalariado Sector Público","Tarapacá","1",2015,500135.30579109
"634","Mujer","Asalariado Sector Público","Valparaíso","5",2010,314414.784113356
"635","Mujer","Asalariado Sector Público","Valparaíso","5",2011,351691.622441243
"636","Mujer","Asalariado Sector Público","Valparaíso","5",2012,401804.12371134
"637","Mujer","Asalariado Sector Público","Valparaíso","5",2013,458629.13774625
"638","Mujer","Asalariado Sector Público","Valparaíso","5",2014,515315.52018192
"639","Mujer","Asalariado Sector Público","Valparaíso","5",2015,500135.30579109
"640","Mujer","Asalariado Sector Público",NA,NA,2010,282938.458972786
"641","Mujer","Asalariado Sector Público",NA,NA,2011,140400.583090495
"642","Mujer","Asalariado Sector Público",NA,NA,2012,380843.628344904
"643","Mujer","Cuenta Propia","Antofagasta","2",2010,99931.6072300928
"644","Mujer","Cuenta Propia","Antofagasta","2",2011,99680.3610040425
"645","Mujer","Cuenta Propia","Antofagasta","2",2012,150697.5275913
"646","Mujer","Cuenta Propia","Antofagasta","2",2013,100014.042958256
"647","Mujer","Cuenta Propia","Antofagasta","2",2014,148266.959761363
"648","Mujer","Cuenta Propia","Antofagasta","2",2015,122436.88108662
"649","Mujer","Cuenta Propia","Araucanía","9",2010,41558.6376184519
"650","Mujer","Cuenta Propia","Araucanía","9",2011,49840.1805020212
"651","Mujer","Cuenta Propia","Araucanía","9",2012,38000
"652","Mujer","Cuenta Propia","Araucanía","9",2013,60089.9084330828
"653","Mujer","Cuenta Propia","Araucanía","9",2014,70033.126734086
"654","Mujer","Cuenta Propia","Araucanía","9",2015,62910.8478518369
"655","Mujer","Cuenta Propia","Arica y Parinacota","15",2010,99946.987399995
"656","Mujer","Cuenta Propia","Arica y Parinacota","15",2011,82660.0946185609
"657","Mujer","Cuenta Propia","Arica y Parinacota","15",2012,98825.9258483429
"658","Mujer","Cuenta Propia","Arica y Parinacota","15",2013,100000
"659","Mujer","Cuenta Propia","Arica y Parinacota","15",2014,119999.598498312
"660","Mujer","Cuenta Propia","Arica y Parinacota","15",2015,150039.663299532
"661","Mujer","Cuenta Propia","Atacama","3",2010,65443.7092173371
"662","Mujer","Cuenta Propia","Atacama","3",2011,120483.603097261
"663","Mujer","Cuenta Propia","Atacama","3",2012,100451.030927835
"664","Mujer","Cuenta Propia","Atacama","3",2013,131623.971209989
"665","Mujer","Cuenta Propia","Atacama","3",2014,100000
"666","Mujer","Cuenta Propia","Atacama","3",2015,100326.333962892
"667","Mujer","Cuenta Propia","Aysén","11",2010,80009.1810173968
"668","Mujer","Cuenta Propia","Aysén","11",2011,122988.27273681
"669","Mujer","Cuenta Propia","Aysén","11",2012,80360.824742268
"670","Mujer","Cuenta Propia","Aysén","11",2013,99622.3700773242
"671","Mujer","Cuenta Propia","Aysén","11",2014,101042.2588592
"672","Mujer","Cuenta Propia","Aysén","11",2015,100407.461064832
"673","Mujer","Cuenta Propia","Bíobío","8",2010,55961.700048852
"674","Mujer","Cuenta Propia","Bíobío","8",2011,59808.2166024255
"675","Mujer","Cuenta Propia","Bíobío","8",2012,60337.2650202726
"676","Mujer","Cuenta Propia","Bíobío","8",2013,74902.5466115976
"677","Mujer","Cuenta Propia","Bíobío","8",2014,99997.1912855479
"678","Mujer","Cuenta Propia","Bíobío","8",2015,100027.061158218
"679","Mujer","Cuenta Propia","Coquimbo","4",2010,83025.2420146699
"680","Mujer","Cuenta Propia","Coquimbo","4",2011,99680.3610040425
"681","Mujer","Cuenta Propia","Coquimbo","4",2012,70000
"682","Mujer","Cuenta Propia","Coquimbo","4",2013,80158.9388180165
"683","Mujer","Cuenta Propia","Coquimbo","4",2014,101042.2588592
"684","Mujer","Cuenta Propia","Coquimbo","4",2015,120472.576149143
"685","Mujer","Cuenta Propia","Los Lagos","10",2010,64955.8705482868
"686","Mujer","Cuenta Propia","Los Lagos","10",2011,79767.2460307877
"687","Mujer","Cuenta Propia","Los Lagos","10",2012,90115.5538840987
"688","Mujer","Cuenta Propia","Los Lagos","10",2013,89676.5893560996
"689","Mujer","Cuenta Propia","Los Lagos","10",2014,149543.159674873
"690","Mujer","Cuenta Propia","Los Lagos","10",2015,100394.283610907
"691","Mujer","Cuenta Propia","Los Ríos","14",2010,60008.1930423389
"692","Mujer","Cuenta Propia","Los Ríos","14",2011,59808.2166024255
"693","Mujer","Cuenta Propia","Los Ríos","14",2012,60337.2650202726
"694","Mujer","Cuenta Propia","Los Ríos","14",2013,78960.4931610147
"695","Mujer","Cuenta Propia","Los Ríos","14",2014,62175.9241772414
"696","Mujer","Cuenta Propia","Los Ríos","14",2015,64536.2307122508
"697","Mujer","Cuenta Propia","Magallanes","12",2010,250193.882541391
"698","Mujer","Cuenta Propia","Magallanes","12",2011,204328.872333489
"699","Mujer","Cuenta Propia","Magallanes","12",2012,120472.106072348
"700","Mujer","Cuenta Propia","Magallanes","12",2013,164877.399263176
"701","Mujer","Cuenta Propia","Magallanes","12",2014,150469.571998626
"702","Mujer","Cuenta Propia","Magallanes","12",2015,174739.805957834
"703","Mujer","Cuenta Propia","Maule","7",2010,70068.506557056
"704","Mujer","Cuenta Propia","Maule","7",2011,60180.8491985828
"705","Mujer","Cuenta Propia","Maule","7",2012,60241.3699035277
"706","Mujer","Cuenta Propia","Maule","7",2013,100000
"707","Mujer","Cuenta Propia","Maule","7",2014,99981.2488280518
"708","Mujer","Cuenta Propia","Maule","7",2015,100027.061158218
"709","Mujer","Cuenta Propia","Metropolitana","13",2010,100097.86651008
"710","Mujer","Cuenta Propia","Metropolitana","13",2011,100483.320697498
"711","Mujer","Cuenta Propia","Metropolitana","13",2012,100562.108367121
"712","Mujer","Cuenta Propia","Metropolitana","13",2013,119546.844092789
"713","Mujer","Cuenta Propia","Metropolitana","13",2014,149971.873242078
"714","Mujer","Cuenta Propia","Metropolitana","13",2015,130529.699384282
"715","Mujer","Cuenta Propia","O'Higgins","6",2010,87325.4510378306
"716","Mujer","Cuenta Propia","O'Higgins","6",2011,90295.66165779
"717","Mujer","Cuenta Propia","O'Higgins","6",2012,100562.108367121
"718","Mujer","Cuenta Propia","O'Higgins","6",2013,100000
"719","Mujer","Cuenta Propia","O'Higgins","6",2014,100689.759939427
"720","Mujer","Cuenta Propia","O'Higgins","6",2015,138664.792792852
"721","Mujer","Cuenta Propia","Tarapacá","1",2010,100065.369386947
"722","Mujer","Cuenta Propia","Tarapacá","1",2011,120008.503360842
"723","Mujer","Cuenta Propia","Tarapacá","1",2012,100547.862211549
"724","Mujer","Cuenta Propia","Tarapacá","1",2013,120000
"725","Mujer","Cuenta Propia","Tarapacá","1",2014,161420.410150228
"726","Mujer","Cuenta Propia","Tarapacá","1",2015,161846.566427195
"727","Mujer","Cuenta Propia","Valparaíso","5",2010,62366.452902742
"728","Mujer","Cuenta Propia","Valparaíso","5",2011,70220.377109884
"729","Mujer","Cuenta Propia","Valparaíso","5",2012,100562.108367121
"730","Mujer","Cuenta Propia","Valparaíso","5",2013,99640.5938319531
"731","Mujer","Cuenta Propia","Valparaíso","5",2014,110000
"732","Mujer","Cuenta Propia","Valparaíso","5",2015,110249.423800628
"733","Mujer","Cuenta Propia",NA,NA,2010,35592.7322414471
"734","Mujer","Cuenta Propia",NA,NA,2011,44850.0170959745
"735","Mujer","Cuenta Propia",NA,NA,2012,53259.6378108021
"736","Mujer","Empleador","Antofagasta","2",2010,442460.26145276
"737","Mujer","Empleador","Antofagasta","2",2011,633800.609768447
"738","Mujer","Empleador","Antofagasta","2",2012,492247.217348784
"739","Mujer","Empleador","Antofagasta","2",2013,565266.797451539
"740","Mujer","Empleador","Antofagasta","2",2014,700738.192978583
"741","Mujer","Empleador","Antofagasta","2",2015,501901.226556333
"742","Mujer","Empleador","Araucanía","9",2010,218036.813903108
"743","Mujer","Empleador","Araucanía","9",2011,400963.520827485
"744","Mujer","Empleador","Araucanía","9",2012,300223.515193331
"745","Mujer","Empleador","Araucanía","9",2013,500000
"746","Mujer","Empleador","Araucanía","9",2014,502094.56655108
"747","Mujer","Empleador","Araucanía","9",2015,301142.843496031
"748","Mujer","Empleador","Arica y Parinacota","15",2010,259889.831297579
"749","Mujer","Empleador","Arica y Parinacota","15",2011,292871.112592891
"750","Mujer","Empleador","Arica y Parinacota","15",2012,500000
"751","Mujer","Empleador","Arica y Parinacota","15",2013,439834.605649533
"752","Mujer","Empleador","Arica y Parinacota","15",2014,401304.504788131
"753","Mujer","Empleador","Arica y Parinacota","15",2015,383191.430968481
"754","Mujer","Empleador","Atacama","3",2010,465342.42445052
"755","Mujer","Empleador","Atacama","3",2011,226103.780292071
"756","Mujer","Empleador","Atacama","3",2012,502672.396364466
"757","Mujer","Empleador","Atacama","3",2013,514478.718001154
"758","Mujer","Empleador","Atacama","3",2014,318171.325693681
"759","Mujer","Empleador","Atacama","3",2015,909489.607927906
"760","Mujer","Empleador","Aysén","11",2010,615213.924707594
"761","Mujer","Empleador","Aysén","11",2011,807094.349095902
"762","Mujer","Empleador","Aysén","11",2012,391459.040794495
"763","Mujer","Empleador","Aysén","11",2013,680164.905367538
"764","Mujer","Empleador","Aysén","11",2014,492806.883277638
"765","Mujer","Empleador","Aysén","11",2015,760993.574980682
"766","Mujer","Empleador","Bíobío","8",2010,361495.108623079
"767","Mujer","Empleador","Bíobío","8",2011,378137.484527278
"768","Mujer","Empleador","Bíobío","8",2012,352388.301909466
"769","Mujer","Empleador","Bíobío","8",2013,329507.331612498
"770","Mujer","Empleador","Bíobío","8",2014,479073.813787478
"771","Mujer","Empleador","Bíobío","8",2015,614389.606869349
"772","Mujer","Empleador","Coquimbo","4",2010,699272.685153114
"773","Mujer","Empleador","Coquimbo","4",2011,522513.26762699
"774","Mujer","Empleador","Coquimbo","4",2012,502810.541835605
"775","Mujer","Empleador","Coquimbo","4",2013,597734.220463945
"776","Mujer","Empleador","Coquimbo","4",2014,777433.062029441
"777","Mujer","Empleador","Coquimbo","4",2015,502037.30532416
"778","Mujer","Empleador","Los Lagos","10",2010,350000
"779","Mujer","Empleador","Los Lagos","10",2011,499979.134802492
"780","Mujer","Empleador","Los Lagos","10",2012,382136.01179506
"781","Mujer","Empleador","Los Lagos","10",2013,462946.937274965
"782","Mujer","Empleador","Los Lagos","10",2014,453837.885395202
"783","Mujer","Empleador","Los Lagos","10",2015,772868.576700045
"784","Mujer","Empleador","Los Ríos","14",2010,458410.604810739
"785","Mujer","Empleador","Los Ríos","14",2011,150459.042855345
"786","Mujer","Empleador","Los Ríos","14",2012,502255.154639175
"787","Mujer","Empleador","Los Ríos","14",2013,493833.213415825
"788","Mujer","Empleador","Los Ríos","14",2014,999950.924126556
"789","Mujer","Empleador","Los Ríos","14",2015,346119.666514173
"790","Mujer","Empleador","Magallanes","12",2010,427237.139068663
"791","Mujer","Empleador","Magallanes","12",2011,488013.673683143
"792","Mujer","Empleador","Magallanes","12",2012,910609.21033092
"793","Mujer","Empleador","Magallanes","12",2013,496634.468095445
"794","Mujer","Empleador","Magallanes","12",2014,930525.113367261
"795","Mujer","Empleador","Magallanes","12",2015,800028.909892934
"796","Mujer","Empleador","Maule","7",2010,393548.029622214
"797","Mujer","Empleador","Maule","7",2011,422485.214590316
"798","Mujer","Empleador","Maule","7",2012,381365.293465518
"799","Mujer","Empleador","Maule","7",2013,528251.279932383
"800","Mujer","Empleador","Maule","7",2014,606113.370237464
"801","Mujer","Empleador","Maule","7",2015,500064.117287552
"802","Mujer","Empleador","Metropolitana","13",2010,355264.474941159
"803","Mujer","Empleador","Metropolitana","13",2011,498401.805020212
"804","Mujer","Empleador","Metropolitana","13",2012,703934.758569847
"805","Mujer","Empleador","Metropolitana","13",2013,600000
"806","Mujer","Empleador","Metropolitana","13",2014,537776.94099878
"807","Mujer","Empleador","Metropolitana","13",2015,544372.590535993
"808","Mujer","Empleador","O'Higgins","6",2010,255341.502177642
"809","Mujer","Empleador","O'Higgins","6",2011,249827.819300085
"810","Mujer","Empleador","O'Higgins","6",2012,1004852.17132973
"811","Mujer","Empleador","O'Higgins","6",2013,272040.580570427
"812","Mujer","Empleador","O'Higgins","6",2014,605961.451721439
"813","Mujer","Empleador","O'Higgins","6",2015,279455.298479292
"814","Mujer","Empleador","Tarapacá","1",2010,387792.66858746
"815","Mujer","Empleador","Tarapacá","1",2011,401164.653645195
"816","Mujer","Empleador","Tarapacá","1",2012,496150.213014488
"817","Mujer","Empleador","Tarapacá","1",2013,729645.230931735
"818","Mujer","Empleador","Tarapacá","1",2014,621688.930000069
"819","Mujer","Empleador","Tarapacá","1",2015,500000
"820","Mujer","Empleador","Valparaíso","5",2010,273632.645246197
"821","Mujer","Empleador","Valparaíso","5",2011,301449.962092494
"822","Mujer","Empleador","Valparaíso","5",2012,362461.959065989
"823","Mujer","Empleador","Valparaíso","5",2013,443977.053917261
"824","Mujer","Empleador","Valparaíso","5",2014,505211.294296
"825","Mujer","Empleador","Valparaíso","5",2015,591679.800294406
"826","Mujer","Empleador",NA,NA,2010,4300
"827","Mujer","Empleador",NA,NA,2011,49840.1805020212
"828","Mujer","Empleador",NA,NA,2012,301686.325101363
"829","Mujer","Personal de Servicio Doméstico Puertas Adentro","Antofagasta","2",2010,124337.758072085
"830","Mujer","Personal de Servicio Doméstico Puertas Adentro","Antofagasta","2",2011,85196.0093096103
"831","Mujer","Personal de Servicio Doméstico Puertas Adentro","Antofagasta","2",2012,180811.855670103
"832","Mujer","Personal de Servicio Doméstico Puertas Adentro","Antofagasta","2",2013,353228.240487834
"833","Mujer","Personal de Servicio Doméstico Puertas Adentro","Antofagasta","2",2014,212726.926583086
"834","Mujer","Personal de Servicio Doméstico Puertas Adentro","Antofagasta","2",2015,333017.399067393
"835","Mujer","Personal de Servicio Doméstico Puertas Adentro","Araucanía","9",2010,143676.767823926
"836","Mujer","Personal de Servicio Doméstico Puertas Adentro","Araucanía","9",2011,166304.545416567
"837","Mujer","Personal de Servicio Doméstico Puertas Adentro","Araucanía","9",2012,182001.228346078
"838","Mujer","Personal de Servicio Doméstico Puertas Adentro","Araucanía","9",2013,273187.647201521
"839","Mujer","Personal de Servicio Doméstico Puertas Adentro","Araucanía","9",2014,185321.038597422
"840","Mujer","Personal de Servicio Doméstico Puertas Adentro","Araucanía","9",2015,243276.889270423
"841","Mujer","Personal de Servicio Doméstico Puertas Adentro","Arica y Parinacota","15",2010,117395.396364591
"842","Mujer","Personal de Servicio Doméstico Puertas Adentro","Arica y Parinacota","15",2011,60289.9924184988
"843","Mujer","Personal de Servicio Doméstico Puertas Adentro","Arica y Parinacota","15",2012,157035.096649484
"844","Mujer","Personal de Servicio Doméstico Puertas Adentro","Arica y Parinacota","15",2013,60081.3375508362
"845","Mujer","Personal de Servicio Doméstico Puertas Adentro","Arica y Parinacota","15",2014,49990.6244140259
"846","Mujer","Personal de Servicio Doméstico Puertas Adentro","Arica y Parinacota","15",2015,212967.16122364
"847","Mujer","Personal de Servicio Doméstico Puertas Adentro","Atacama","3",2010,175327.186110997
"848","Mujer","Personal de Servicio Doméstico Puertas Adentro","Atacama","3",2011,190775.915516904
"849","Mujer","Personal de Servicio Doméstico Puertas Adentro","Atacama","3",2012,292000
"850","Mujer","Personal de Servicio Doméstico Puertas Adentro","Aysén","11",2010,71892.7474540203
"851","Mujer","Personal de Servicio Doméstico Puertas Adentro","Aysén","11",2011,221063.305534496
"852","Mujer","Personal de Servicio Doméstico Puertas Adentro","Aysén","11",2012,108607.077036491
"853","Mujer","Personal de Servicio Doméstico Puertas Adentro","Aysén","11",2013,348678.295270635
"854","Mujer","Personal de Servicio Doméstico Puertas Adentro","Bíobío","8",2010,157973.442547072
"855","Mujer","Personal de Servicio Doméstico Puertas Adentro","Bíobío","8",2011,174170.964470383
"856","Mujer","Personal de Servicio Doméstico Puertas Adentro","Bíobío","8",2012,205255.829340423
"857","Mujer","Personal de Servicio Doméstico Puertas Adentro","Bíobío","8",2013,206441.594822601
"858","Mujer","Personal de Servicio Doméstico Puertas Adentro","Bíobío","8",2014,208409.245129742
"859","Mujer","Personal de Servicio Doméstico Puertas Adentro","Bíobío","8",2015,287804.726099091
"860","Mujer","Personal de Servicio Doméstico Puertas Adentro","Coquimbo","4",2010,181401.368136246
"861","Mujer","Personal de Servicio Doméstico Puertas Adentro","Coquimbo","4",2011,138274.588182898
"862","Mujer","Personal de Servicio Doméstico Puertas Adentro","Coquimbo","4",2012,219857.558562416
"863","Mujer","Personal de Servicio Doméstico Puertas Adentro","Coquimbo","4",2013,266937.808319821
"864","Mujer","Personal de Servicio Doméstico Puertas Adentro","Coquimbo","4",2014,355269.908293945
"865","Mujer","Personal de Servicio Doméstico Puertas Adentro","Coquimbo","4",2015,326768.854899023
"866","Mujer","Personal de Servicio Doméstico Puertas Adentro","Los Lagos","10",2010,163750.9583579
"867","Mujer","Personal de Servicio Doméstico Puertas Adentro","Los Lagos","10",2011,169946.195951229
"868","Mujer","Personal de Servicio Doméstico Puertas Adentro","Los Lagos","10",2012,153829.03223791
"869","Mujer","Personal de Servicio Doméstico Puertas Adentro","Los Lagos","10",2013,231040.711742598
"870","Mujer","Personal de Servicio Doméstico Puertas Adentro","Los Lagos","10",2014,265233.822044586
"871","Mujer","Personal de Servicio Doméstico Puertas Adentro","Los Lagos","10",2015,240743.683087945
"872","Mujer","Personal de Servicio Doméstico Puertas Adentro","Los Ríos","14",2010,99931.6072300928
"873","Mujer","Personal de Servicio Doméstico Puertas Adentro","Los Ríos","14",2011,147215.558499724
"874","Mujer","Personal de Servicio Doméstico Puertas Adentro","Los Ríos","14",2012,203561.144750943
"875","Mujer","Personal de Servicio Doméstico Puertas Adentro","Los Ríos","14",2013,177812.623860609
"876","Mujer","Personal de Servicio Doméstico Puertas Adentro","Los Ríos","14",2014,96208.4566108141
"877","Mujer","Personal de Servicio Doméstico Puertas Adentro","Los Ríos","14",2015,700189.428107526
"878","Mujer","Personal de Servicio Doméstico Puertas Adentro","Magallanes","12",2010,207876.544729392
"879","Mujer","Personal de Servicio Doméstico Puertas Adentro","Magallanes","12",2011,182889.734341317
"880","Mujer","Personal de Servicio Doméstico Puertas Adentro","Magallanes","12",2012,187782.43837836
"881","Mujer","Personal de Servicio Doméstico Puertas Adentro","Maule","7",2010,99527.1669469308
"882","Mujer","Personal de Servicio Doméstico Puertas Adentro","Maule","7",2011,166107.054208858
"883","Mujer","Personal de Servicio Doméstico Puertas Adentro","Maule","7",2012,235894.27955497
"884","Mujer","Personal de Servicio Doméstico Puertas Adentro","Maule","7",2013,185353.410528183
"885","Mujer","Personal de Servicio Doméstico Puertas Adentro","Maule","7",2014,195077.132684474
"886","Mujer","Personal de Servicio Doméstico Puertas Adentro","Maule","7",2015,352414.854187315
"887","Mujer","Personal de Servicio Doméstico Puertas Adentro","Metropolitana","13",2010,240175.424781275
"888","Mujer","Personal de Servicio Doméstico Puertas Adentro","Metropolitana","13",2011,271304.965883245
"889","Mujer","Personal de Servicio Doméstico Puertas Adentro","Metropolitana","13",2012,271517.692591227
"890","Mujer","Personal de Servicio Doméstico Puertas Adentro","Metropolitana","13",2013,348678.295270635
"891","Mujer","Personal de Servicio Doméstico Puertas Adentro","Metropolitana","13",2014,353647.9060072
"892","Mujer","Personal de Servicio Doméstico Puertas Adentro","Metropolitana","13",2015,357779.706087044
"893","Mujer","Personal de Servicio Doméstico Puertas Adentro","O'Higgins","6",2010,163933.696150708
"894","Mujer","Personal de Servicio Doméstico Puertas Adentro","O'Higgins","6",2011,184076.616660153
"895","Mujer","Personal de Servicio Doméstico Puertas Adentro","O'Higgins","6",2012,198928.593491059
"896","Mujer","Personal de Servicio Doméstico Puertas Adentro","O'Higgins","6",2013,273321.135583354
"897","Mujer","Personal de Servicio Doméstico Puertas Adentro","O'Higgins","6",2014,256906.421830893
"898","Mujer","Personal de Servicio Doméstico Puertas Adentro","O'Higgins","6",2015,286164.378974347
"899","Mujer","Personal de Servicio Doméstico Puertas Adentro","Tarapacá","1",2010,237079.471369259
"900","Mujer","Personal de Servicio Doméstico Puertas Adentro","Tarapacá","1",2011,203320.126218767
"901","Mujer","Personal de Servicio Doméstico Puertas Adentro","Tarapacá","1",2012,256340.496249145
"902","Mujer","Personal de Servicio Doméstico Puertas Adentro","Tarapacá","1",2013,200271.125169454
"903","Mujer","Personal de Servicio Doméstico Puertas Adentro","Tarapacá","1",2014,261491.372101789
"904","Mujer","Personal de Servicio Doméstico Puertas Adentro","Tarapacá","1",2015,240978.029747938
"905","Mujer","Personal de Servicio Doméstico Puertas Adentro","Valparaíso","5",2010,190020.542968157
"906","Mujer","Personal de Servicio Doméstico Puertas Adentro","Valparaíso","5",2011,244292.836738386
"907","Mujer","Personal de Servicio Doméstico Puertas Adentro","Valparaíso","5",2012,232102.665164883
"908","Mujer","Personal de Servicio Doméstico Puertas Adentro","Valparaíso","5",2013,249100.851282441
"909","Mujer","Personal de Servicio Doméstico Puertas Adentro","Valparaíso","5",2014,209452.16332348
"910","Mujer","Personal de Servicio Doméstico Puertas Adentro","Valparaíso","5",2015,251369.716635956
"911","Mujer","Personal de Servicio Doméstico Puertas Afuera","Antofagasta","2",2010,129931.422669394
"912","Mujer","Personal de Servicio Doméstico Puertas Afuera","Antofagasta","2",2011,188965.598455329
"913","Mujer","Personal de Servicio Doméstico Puertas Afuera","Antofagasta","2",2012,187621.867965657
"914","Mujer","Personal de Servicio Doméstico Puertas Afuera","Antofagasta","2",2013,199244.740154648
"915","Mujer","Personal de Servicio Doméstico Puertas Afuera","Antofagasta","2",2014,243260.912818103
"916","Mujer","Personal de Servicio Doméstico Puertas Afuera","Antofagasta","2",2015,263970.792529285
"917","Mujer","Personal de Servicio Doméstico Puertas Afuera","Araucanía","9",2010,60000
"918","Mujer","Personal de Servicio Doméstico Puertas Afuera","Araucanía","9",2011,59808.2166024255
"919","Mujer","Personal de Servicio Doméstico Puertas Afuera","Araucanía","9",2012,102374.887662496
"920","Mujer","Personal de Servicio Doméstico Puertas Afuera","Araucanía","9",2013,100061.153162208
"921","Mujer","Personal de Servicio Doméstico Puertas Afuera","Araucanía","9",2014,137463.732097722
"922","Mujer","Personal de Servicio Doméstico Puertas Afuera","Araucanía","9",2015,141022.116282196
"923","Mujer","Personal de Servicio Doméstico Puertas Afuera","Arica y Parinacota","15",2010,92397.2840909989
"924","Mujer","Personal de Servicio Doméstico Puertas Afuera","Arica y Parinacota","15",2011,90737.5628080245
"925","Mujer","Personal de Servicio Doméstico Puertas Afuera","Arica y Parinacota","15",2012,106205.076560594
"926","Mujer","Personal de Servicio Doméstico Puertas Afuera","Arica y Parinacota","15",2013,122267.124244244
"927","Mujer","Personal de Servicio Doméstico Puertas Afuera","Arica y Parinacota","15",2014,120655.134956938
"928","Mujer","Personal de Servicio Doméstico Puertas Afuera","Arica y Parinacota","15",2015,150000
"929","Mujer","Personal de Servicio Doméstico Puertas Afuera","Atacama","3",2010,94759.7588873191
"930","Mujer","Personal de Servicio Doméstico Puertas Afuera","Atacama","3",2011,132574.489081238
"931","Mujer","Personal de Servicio Doméstico Puertas Afuera","Atacama","3",2012,130598.907467527
"932","Mujer","Personal de Servicio Doméstico Puertas Afuera","Atacama","3",2013,85160.8550383166
"933","Mujer","Personal de Servicio Doméstico Puertas Afuera","Atacama","3",2014,150301.771066689
"934","Mujer","Personal de Servicio Doméstico Puertas Afuera","Atacama","3",2015,278969.677042391
"935","Mujer","Personal de Servicio Doméstico Puertas Afuera","Aysén","11",2010,139926.37300007
"936","Mujer","Personal de Servicio Doméstico Puertas Afuera","Aysén","11",2011,119616.433204851
"937","Mujer","Personal de Servicio Doméstico Puertas Afuera","Aysén","11",2012,143240.420803607
"938","Mujer","Personal de Servicio Doméstico Puertas Afuera","Aysén","11",2013,149574.606258111
"939","Mujer","Personal de Servicio Doméstico Puertas Afuera","Aysén","11",2014,144676.487514134
"940","Mujer","Personal de Servicio Doméstico Puertas Afuera","Aysén","11",2015,145434.773476861
"941","Mujer","Personal de Servicio Doméstico Puertas Afuera","Bíobío","8",2010,91981.6531655382
"942","Mujer","Personal de Servicio Doméstico Puertas Afuera","Bíobío","8",2011,84888.6137187772
"943","Mujer","Personal de Servicio Doméstico Puertas Afuera","Bíobío","8",2012,100528.485254093
"944","Mujer","Personal de Servicio Doméstico Puertas Afuera","Bíobío","8",2013,129723.339562681
"945","Mujer","Personal de Servicio Doméstico Puertas Afuera","Bíobío","8",2014,131959.892378237
"946","Mujer","Personal de Servicio Doméstico Puertas Afuera","Bíobío","8",2015,120488.953277798
"947","Mujer","Personal de Servicio Doméstico Puertas Afuera","Coquimbo","4",2010,99931.6072300928
"948","Mujer","Personal de Servicio Doméstico Puertas Afuera","Coquimbo","4",2011,140094.31487807
"949","Mujer","Personal de Servicio Doméstico Puertas Afuera","Coquimbo","4",2012,120697.760037265
"950","Mujer","Personal de Servicio Doméstico Puertas Afuera","Coquimbo","4",2013,130429.004631844
"951","Mujer","Personal de Servicio Doméstico Puertas Afuera","Coquimbo","4",2014,160534.16545831
"952","Mujer","Personal de Servicio Doméstico Puertas Afuera","Coquimbo","4",2015,150217.799495632
"953","Mujer","Personal de Servicio Doméstico Puertas Afuera","Los Lagos","10",2010,100097.86651008
"954","Mujer","Personal de Servicio Doméstico Puertas Afuera","Los Lagos","10",2011,109980.812098514
"955","Mujer","Personal de Servicio Doméstico Puertas Afuera","Los Lagos","10",2012,120541.237113402
"956","Mujer","Personal de Servicio Doméstico Puertas Afuera","Los Lagos","10",2013,129585.116660971
"957","Mujer","Personal de Servicio Doméstico Puertas Afuera","Los Lagos","10",2014,139973.748359273
"958","Mujer","Personal de Servicio Doméstico Puertas Afuera","Los Lagos","10",2015,150611.191597248
"959","Mujer","Personal de Servicio Doméstico Puertas Afuera","Los Ríos","14",2010,64811.783766883
"960","Mujer","Personal de Servicio Doméstico Puertas Afuera","Los Ríos","14",2011,80379.1180286599
"961","Mujer","Personal de Servicio Doméstico Puertas Afuera","Los Ríos","14",2012,100562.108367121
"962","Mujer","Personal de Servicio Doméstico Puertas Afuera","Los Ríos","14",2013,110993.799852045
"963","Mujer","Personal de Servicio Doméstico Puertas Afuera","Los Ríos","14",2014,120757.682107452
"964","Mujer","Personal de Servicio Doméstico Puertas Afuera","Los Ríos","14",2015,150128.945648921
"965","Mujer","Personal de Servicio Doméstico Puertas Afuera","Magallanes","12",2010,120744.860235499
"966","Mujer","Personal de Servicio Doméstico Puertas Afuera","Magallanes","12",2011,108736.839428567
"967","Mujer","Personal de Servicio Doméstico Puertas Afuera","Magallanes","12",2012,170690.758793445
"968","Mujer","Personal de Servicio Doméstico Puertas Afuera","Magallanes","12",2013,182061.693407994
"969","Mujer","Personal de Servicio Doméstico Puertas Afuera","Magallanes","12",2014,162313.750140411
"970","Mujer","Personal de Servicio Doméstico Puertas Afuera","Magallanes","12",2015,220202.344994491
"971","Mujer","Personal de Servicio Doméstico Puertas Afuera","Maule","7",2010,80078.293208064
"972","Mujer","Personal de Servicio Doméstico Puertas Afuera","Maule","7",2011,90434.9886277482
"973","Mujer","Personal de Servicio Doméstico Puertas Afuera","Maule","7",2012,100562.108367121
"974","Mujer","Personal de Servicio Doméstico Puertas Afuera","Maule","7",2013,111717.975120425
"975","Mujer","Personal de Servicio Doméstico Puertas Afuera","Maule","7",2014,120000
"976","Mujer","Personal de Servicio Doméstico Puertas Afuera","Maule","7",2015,155995.303402172
"977","Mujer","Personal de Servicio Doméstico Puertas Afuera","Metropolitana","13",2010,143914.361879671
"978","Mujer","Personal de Servicio Doméstico Puertas Afuera","Metropolitana","13",2011,167950.936827914
"979","Mujer","Personal de Servicio Doméstico Puertas Afuera","Metropolitana","13",2012,193000
"980","Mujer","Personal de Servicio Doméstico Puertas Afuera","Metropolitana","13",2013,190000
"981","Mujer","Personal de Servicio Doméstico Puertas Afuera","Metropolitana","13",2014,214960.978230084
"982","Mujer","Personal de Servicio Doméstico Puertas Afuera","Metropolitana","13",2015,241981.981166245
"983","Mujer","Personal de Servicio Doméstico Puertas Afuera","O'Higgins","6",2010,120100.15220646
"984","Mujer","Personal de Servicio Doméstico Puertas Afuera","O'Higgins","6",2011,96000
"985","Mujer","Personal de Servicio Doméstico Puertas Afuera","O'Higgins","6",2012,122907.196165158
"986","Mujer","Personal de Servicio Doméstico Puertas Afuera","O'Higgins","6",2013,159206.62349321
"987","Mujer","Personal de Servicio Doméstico Puertas Afuera","O'Higgins","6",2014,150000
"988","Mujer","Personal de Servicio Doméstico Puertas Afuera","O'Higgins","6",2015,180192.603436048
"989","Mujer","Personal de Servicio Doméstico Puertas Afuera","Tarapacá","1",2010,100032.579328674
"990","Mujer","Personal de Servicio Doméstico Puertas Afuera","Tarapacá","1",2011,180000
"991","Mujer","Personal de Servicio Doméstico Puertas Afuera","Tarapacá","1",2012,200902.06185567
"992","Mujer","Personal de Servicio Doméstico Puertas Afuera","Tarapacá","1",2013,213275.63511804
"993","Mujer","Personal de Servicio Doméstico Puertas Afuera","Tarapacá","1",2014,199985.865464539
"994","Mujer","Personal de Servicio Doméstico Puertas Afuera","Tarapacá","1",2015,165103.04463428
"995","Mujer","Personal de Servicio Doméstico Puertas Afuera","Valparaíso","5",2010,100000
"996","Mujer","Personal de Servicio Doméstico Puertas Afuera","Valparaíso","5",2011,100483.320697498
"997","Mujer","Personal de Servicio Doméstico Puertas Afuera","Valparaíso","5",2012,120674.530040545
"998","Mujer","Personal de Servicio Doméstico Puertas Afuera","Valparaíso","5",2013,137099.366482532
"999","Mujer","Personal de Servicio Doméstico Puertas Afuera","Valparaíso","5",2014,141859.71702332
"1000","Mujer","Personal de Servicio Doméstico Puertas Afuera","Valparaíso","5",2015,180048.710084792
"1001","Mujer","Personal de Servicio Doméstico Puertas Afuera",NA,NA,2010,69763.0964150246
"1002","Mujer","Personal de Servicio Doméstico Puertas Afuera",NA,NA,2011,93238.3404400961
"1003","Mujer","Personal de Servicio Doméstico Puertas Afuera",NA,NA,2012,20090.206185567
