"","sexo","region","rama","2011","2013","2015"
"1","Hombre","Antofagasta","Agricultura, Ganadería, Caza y Silvicultura",246150,2e+05,3e+05
"2","Hombre","Araucanía","Agricultura, Ganadería, Caza y Silvicultura",185980,181500,210000
"3","Hombre","Arica y Parinacota","Agricultura, Ganadería, Caza y Silvicultura",218800,2e+05,2e+05
"4","Hombre","Atacama","Agricultura, Ganadería, Caza y Silvicultura",218800,210000,325000
"5","Hombre","Aysén","Agricultura, Ganadería, Caza y Silvicultura",246480,210000,250000
"6","Hombre","Bíobío","Agricultura, Ganadería, Caza y Silvicultura",196920,2e+05,240000
"7","Hombre","Coquimbo","Agricultura, Ganadería, Caza y Silvicultura",199108,210000,240000
"8","Hombre","Los Lagos","Agricultura, Ganadería, Caza y Silvicultura",201296,190000,240000
"9","Hombre","Los Ríos","Agricultura, Ganadería, Caza y Silvicultura",199636,2e+05,241000
"10","Hombre","Magallanes","Agricultura, Ganadería, Caza y Silvicultura",262560,266230,330000
"11","Hombre","Maule","Agricultura, Ganadería, Caza y Silvicultura",199108,210000,241000
"12","Hombre","Metropolitana","Agricultura, Ganadería, Caza y Silvicultura",218800,210000,280000
"13","Hombre","O'Higgins","Agricultura, Ganadería, Caza y Silvicultura",199108,210000,250000
"14","Hombre","Tarapacá","Agricultura, Ganadería, Caza y Silvicultura",218800,145000,2e+05
"15","Hombre","Valparaíso","Agricultura, Ganadería, Caza y Silvicultura",199108,210000,245000
"16","Hombre","Antofagasta","Pesca",410800,250000,2e+05
"17","Hombre","Araucanía","Pesca",240680,210000,247000
"18","Hombre","Arica y Parinacota","Pesca",328420,3e+05,4e+05
"19","Hombre","Atacama","Pesca",410800,3e+05,242500
"20","Hombre","Aysén","Pesca",308100,305500,375000
"21","Hombre","Bíobío","Pesca",218800,2e+05,245000
"22","Hombre","Coquimbo","Pesca",308100,2e+05,240000
"23","Hombre","Los Lagos","Pesca",218800,205116,280000
"24","Hombre","Los Ríos","Pesca",212100,150000,180000
"25","Hombre","Magallanes","Pesca",328200,320000,4e+05
"26","Hombre","Maule","Pesca",196920,2e+05,219214
"27","Hombre","Metropolitana","Pesca",879576,201500,536000
"28","Hombre","O'Higgins","Pesca",308100,190000,240000
"29","Hombre","Tarapacá","Pesca",328200,250000,3e+05
"30","Hombre","Valparaíso","Pesca",213230,2e+05,240000
"31","Hombre","Antofagasta","Explotación de Minas y Canteras",547000,614855,660000
"32","Hombre","Araucanía","Explotación de Minas y Canteras",547000,4e+05,4e+05
"33","Hombre","Arica y Parinacota","Explotación de Minas y Canteras",459480,480000,534546
"34","Hombre","Atacama","Explotación de Minas y Canteras",437600,5e+05,6e+05
"35","Hombre","Aysén","Explotación de Minas y Canteras",449634,475000,6e+05
"36","Hombre","Bíobío","Explotación de Minas y Canteras",307210,5e+05,504730
"37","Hombre","Coquimbo","Explotación de Minas y Canteras",437600,450000,5e+05
"38","Hombre","Los Lagos","Explotación de Minas y Canteras",306320,350000,265000
"39","Hombre","Los Ríos","Explotación de Minas y Canteras",348960,310000,4e+05
"40","Hombre","Magallanes","Explotación de Minas y Canteras",547000,650000,8e+05
"41","Hombre","Maule","Explotación de Minas y Canteras",437600,454000,465000
"42","Hombre","Metropolitana","Explotación de Minas y Canteras",492300,525000,7e+05
"43","Hombre","O'Higgins","Explotación de Minas y Canteras",525120,570000,550000
"44","Hombre","Tarapacá","Explotación de Minas y Canteras",547000,6e+05,570000
"45","Hombre","Valparaíso","Explotación de Minas y Canteras",437600,5e+05,536000
"46","Hombre","Antofagasta","Industrias Manufactureras",437600,445000,5e+05
"47","Hombre","Araucanía","Industrias Manufactureras",205400,210000,250000
"48","Hombre","Arica y Parinacota","Industrias Manufactureras",273500,247186,250500
"49","Hombre","Atacama","Industrias Manufactureras",375230,350000,410000
"50","Hombre","Aysén","Industrias Manufactureras",306320,280000,3e+05
"51","Hombre","Bíobío","Industrias Manufactureras",251620,258000,3e+05
"52","Hombre","Coquimbo","Industrias Manufactureras",299264,3e+05,340000
"53","Hombre","Los Lagos","Industrias Manufactureras",224270,240000,260000
"54","Hombre","Los Ríos","Industrias Manufactureras",240680,215000,250000
"55","Hombre","Magallanes","Industrias Manufactureras",383994,350000,380000
"56","Hombre","Maule","Industrias Manufactureras",218800,220000,253472
"57","Hombre","Metropolitana","Industrias Manufactureras",273500,3e+05,350000
"58","Hombre","O'Higgins","Industrias Manufactureras",273500,252447,350000
"59","Hombre","Tarapacá","Industrias Manufactureras",328200,350000,350000
"60","Hombre","Valparaíso","Industrias Manufactureras",273500,250000,306577
"61","Hombre","Antofagasta","Electricidad, Gas y Agua",547000,550000,680000
"62","Hombre","Araucanía","Electricidad, Gas y Agua",236304,285000,250000
"63","Hombre","Arica y Parinacota","Electricidad, Gas y Agua",273500,345000,375000
"64","Hombre","Atacama","Electricidad, Gas y Agua",273500,480000,480000
"65","Hombre","Aysén","Electricidad, Gas y Agua",306320,4e+05,290000
"66","Hombre","Bíobío","Electricidad, Gas y Agua",255563,271000,350000
"67","Hombre","Coquimbo","Electricidad, Gas y Agua",306320,350000,350000
"68","Hombre","Los Lagos","Electricidad, Gas y Agua",251620,3e+05,330000
"69","Hombre","Los Ríos","Electricidad, Gas y Agua",273500,258000,3e+05
"70","Hombre","Magallanes","Electricidad, Gas y Agua",336952,525000,400579
"71","Hombre","Maule","Electricidad, Gas y Agua",328200,268000,350000
"72","Hombre","Metropolitana","Electricidad, Gas y Agua",437600,445000,477000
"73","Hombre","O'Higgins","Electricidad, Gas y Agua",328200,250000,310000
"74","Hombre","Tarapacá","Electricidad, Gas y Agua",414626,4e+05,3e+05
"75","Hombre","Valparaíso","Electricidad, Gas y Agua",273500,310000,4e+05
"76","Hombre","Antofagasta","Construcción",410800,380000,4e+05
"77","Hombre","Araucanía","Construcción",214424,215128,250000
"78","Hombre","Arica y Parinacota","Construcción",262560,250000,285000
"79","Hombre","Atacama","Construcción",350080,320000,375000
"80","Hombre","Aysén","Construcción",273500,3e+05,350000
"81","Hombre","Bíobío","Construcción",218800,240000,290000
"82","Hombre","Coquimbo","Construcción",273500,3e+05,320000
"83","Hombre","Los Lagos","Construcción",218800,220000,250000
"84","Hombre","Los Ríos","Construcción",218800,210000,250000
"85","Hombre","Magallanes","Construcción",328200,3e+05,4e+05
"86","Hombre","Maule","Construcción",218800,250000,290364
"87","Hombre","Metropolitana","Construcción",306320,3e+05,350000
"88","Hombre","O'Higgins","Construcción",273500,250000,3e+05
"89","Hombre","Tarapacá","Construcción",328200,347334,360000
"90","Hombre","Valparaíso","Construcción",272003,275860,3e+05
"91","Hombre","Antofagasta","Comercio",382900,350000,4e+05
"92","Hombre","Araucanía","Comercio",202872,210000,245000
"93","Hombre","Arica y Parinacota","Comercio",256750,210000,250000
"94","Hombre","Atacama","Comercio",328200,290000,330000
"95","Hombre","Aysén","Comercio",284440,273565,3e+05
"96","Hombre","Bíobío","Comercio",218800,218000,250000
"97","Hombre","Coquimbo","Comercio",218800,245078,250000
"98","Hombre","Los Lagos","Comercio",217706,210000,250000
"99","Hombre","Los Ríos","Comercio",217706,210000,250000
"100","Hombre","Magallanes","Comercio",273500,3e+05,310224
"101","Hombre","Maule","Comercio",202390,210000,250000
"102","Hombre","Metropolitana","Comercio",273500,279298,3e+05
"103","Hombre","O'Higgins","Comercio",218800,229697,260966
"104","Hombre","Tarapacá","Comercio",308100,3e+05,3e+05
"105","Hombre","Valparaíso","Comercio",233684,240000,250000
"106","Hombre","Antofagasta","Hoteles y Restaurantes",318150,260000,4e+05
"107","Hombre","Araucanía","Hoteles y Restaurantes",204989,210000,241000
"108","Hombre","Arica y Parinacota","Hoteles y Restaurantes",206219,240000,260000
"109","Hombre","Atacama","Hoteles y Restaurantes",278970,250000,3e+05
"110","Hombre","Aysén","Hoteles y Restaurantes",306320,250000,294000
"111","Hombre","Bíobío","Hoteles y Restaurantes",202390,210000,250000
"112","Hombre","Coquimbo","Hoteles y Restaurantes",218800,250000,280000
"113","Hombre","Los Lagos","Hoteles y Restaurantes",218800,220000,241000
"114","Hombre","Los Ríos","Hoteles y Restaurantes",218800,210000,255000
"115","Hombre","Magallanes","Hoteles y Restaurantes",262560,310000,305000
"116","Hombre","Maule","Hoteles y Restaurantes",203236,210000,247500
"117","Hombre","Metropolitana","Hoteles y Restaurantes",236524,250000,3e+05
"118","Hombre","O'Higgins","Hoteles y Restaurantes",229740,242668,280000
"119","Hombre","Tarapacá","Hoteles y Restaurantes",308100,295000,3e+05
"120","Hombre","Valparaíso","Hoteles y Restaurantes",218800,220000,250000
"121","Hombre","Antofagasta","Transporte, Almacenamiento y Comunicaciones",415720,4e+05,5e+05
"122","Hombre","Araucanía","Transporte, Almacenamiento y Comunicaciones",262560,250000,280000
"123","Hombre","Arica y Parinacota","Transporte, Almacenamiento y Comunicaciones",369720,3e+05,3e+05
"124","Hombre","Atacama","Transporte, Almacenamiento y Comunicaciones",410800,4e+05,4e+05
"125","Hombre","Aysén","Transporte, Almacenamiento y Comunicaciones",328200,3e+05,350000
"126","Hombre","Bíobío","Transporte, Almacenamiento y Comunicaciones",251620,275000,3e+05
"127","Hombre","Coquimbo","Transporte, Almacenamiento y Comunicaciones",336677,3e+05,3e+05
"128","Hombre","Los Lagos","Transporte, Almacenamiento y Comunicaciones",273500,280000,3e+05
"129","Hombre","Los Ríos","Transporte, Almacenamiento y Comunicaciones",295380,250000,3e+05
"130","Hombre","Magallanes","Transporte, Almacenamiento y Comunicaciones",492300,4e+05,4e+05
"131","Hombre","Maule","Transporte, Almacenamiento y Comunicaciones",273500,255212,3e+05
"132","Hombre","Metropolitana","Transporte, Almacenamiento y Comunicaciones",328200,348000,4e+05
"133","Hombre","O'Higgins","Transporte, Almacenamiento y Comunicaciones",308100,280000,320000
"134","Hombre","Tarapacá","Transporte, Almacenamiento y Comunicaciones",437600,4e+05,380000
"135","Hombre","Valparaíso","Transporte, Almacenamiento y Comunicaciones",306320,3e+05,350000
"136","Hombre","Antofagasta","Intermediación Financiera",590760,520000,5e+05
"137","Hombre","Araucanía","Intermediación Financiera",481360,4e+05,524132
"138","Hombre","Arica y Parinacota","Intermediación Financiera",247244,350000,260000
"139","Hombre","Atacama","Intermediación Financiera",418862,7e+05,480000
"140","Hombre","Aysén","Intermediación Financiera",328200,7e+05,497000
"141","Hombre","Bíobío","Intermediación Financiera",366490,5e+05,6e+05
"142","Hombre","Coquimbo","Intermediación Financiera",984600,5e+05,5e+05
"143","Hombre","Los Lagos","Intermediación Financiera",612640,499734,534940
"144","Hombre","Los Ríos","Intermediación Financiera",519650,495000,480000
"145","Hombre","Magallanes","Intermediación Financiera",449634,6e+05,950000
"146","Hombre","Maule","Intermediación Financiera",521575,5e+05,449000
"147","Hombre","Metropolitana","Intermediación Financiera",765800,7e+05,8e+05
"148","Hombre","O'Higgins","Intermediación Financiera",437600,450000,635000
"149","Hombre","Tarapacá","Intermediación Financiera",437600,5e+05,1200000
"150","Hombre","Valparaíso","Intermediación Financiera",629050,6e+05,575000
"151","Hombre","Antofagasta","Actividades Inmobiliarias, Empresariales y de Alquiler",463692,6e+05,421218
"152","Hombre","Araucanía","Actividades Inmobiliarias, Empresariales y de Alquiler",218800,350000,350000
"153","Hombre","Arica y Parinacota","Actividades Inmobiliarias, Empresariales y de Alquiler",328200,290000,440000
"154","Hombre","Atacama","Actividades Inmobiliarias, Empresariales y de Alquiler",382900,410000,450000
"155","Hombre","Aysén","Actividades Inmobiliarias, Empresariales y de Alquiler",547000,315000,5e+05
"156","Hombre","Bíobío","Actividades Inmobiliarias, Empresariales y de Alquiler",273500,370000,3e+05
"157","Hombre","Coquimbo","Actividades Inmobiliarias, Empresariales y de Alquiler",312680,342516,5e+05
"158","Hombre","Los Lagos","Actividades Inmobiliarias, Empresariales y de Alquiler",248338,3e+05,350000
"159","Hombre","Los Ríos","Actividades Inmobiliarias, Empresariales y de Alquiler",298115,3e+05,350000
"160","Hombre","Magallanes","Actividades Inmobiliarias, Empresariales y de Alquiler",508710,350000,472931
"161","Hombre","Maule","Actividades Inmobiliarias, Empresariales y de Alquiler",306320,360000,350000
"162","Hombre","Metropolitana","Actividades Inmobiliarias, Empresariales y de Alquiler",504422,5e+05,650000
"163","Hombre","O'Higgins","Actividades Inmobiliarias, Empresariales y de Alquiler",306320,456500,490364
"164","Hombre","Tarapacá","Actividades Inmobiliarias, Empresariales y de Alquiler",369720,360000,4e+05
"165","Hombre","Valparaíso","Actividades Inmobiliarias, Empresariales y de Alquiler",328200,4e+05,4e+05
"166","Hombre","Antofagasta","Administración Pública y Defensa",492300,5e+05,550000
"167","Hombre","Araucanía","Administración Pública y Defensa",382900,450000,450000
"168","Hombre","Arica y Parinacota","Administración Pública y Defensa",568880,513000,5e+05
"169","Hombre","Atacama","Administración Pública y Defensa",437600,440000,5e+05
"170","Hombre","Aysén","Administración Pública y Defensa",656400,750000,8e+05
"171","Hombre","Bíobío","Administración Pública y Defensa",382900,4e+05,450000
"172","Hombre","Coquimbo","Administración Pública y Defensa",328200,4e+05,497500
"173","Hombre","Los Lagos","Administración Pública y Defensa",448540,395000,560000
"174","Hombre","Los Ríos","Administración Pública y Defensa",393840,4e+05,450000
"175","Hombre","Magallanes","Administración Pública y Defensa",668556,615000,795000
"176","Hombre","Maule","Administración Pública y Defensa",404780,380000,420000
"177","Hombre","Metropolitana","Administración Pública y Defensa",479172,4e+05,6e+05
"178","Hombre","O'Higgins","Administración Pública y Defensa",382900,350000,415000
"179","Hombre","Tarapacá","Administración Pública y Defensa",514180,6e+05,550000
"180","Hombre","Valparaíso","Administración Pública y Defensa",397509,497500,6e+05
"181","Hombre","Antofagasta","Enseñanza",614420,6e+05,515000
"182","Hombre","Araucanía","Enseñanza",355550,410000,487218
"183","Hombre","Arica y Parinacota","Enseñanza",525120,4e+05,607500
"184","Hombre","Atacama","Enseñanza",415720,480000,6e+05
"185","Hombre","Aysén","Enseñanza",536060,675000,7e+05
"186","Hombre","Bíobío","Enseñanza",295380,4e+05,5e+05
"187","Hombre","Coquimbo","Enseñanza",328200,4e+05,4e+05
"188","Hombre","Los Lagos","Enseñanza",437600,424262,495000
"189","Hombre","Los Ríos","Enseñanza",366490,4e+05,4e+05
"190","Hombre","Magallanes","Enseñanza",584196,6e+05,549242
"191","Hombre","Maule","Enseñanza",328200,4e+05,5e+05
"192","Hombre","Metropolitana","Enseñanza",502900,480000,5e+05
"193","Hombre","O'Higgins","Enseñanza",415720,4e+05,480000
"194","Hombre","Tarapacá","Enseñanza",437600,6e+05,622500
"195","Hombre","Valparaíso","Enseñanza",328200,4e+05,5e+05
"196","Hombre","Antofagasta","Servicios Sociales y de Salud",519650,450000,467000
"197","Hombre","Araucanía","Servicios Sociales y de Salud",317260,4e+05,450000
"198","Hombre","Arica y Parinacota","Servicios Sociales y de Salud",284440,350000,4e+05
"199","Hombre","Atacama","Servicios Sociales y de Salud",382900,4e+05,450000
"200","Hombre","Aysén","Servicios Sociales y de Salud",508710,6e+05,580000
"201","Hombre","Bíobío","Servicios Sociales y de Salud",350080,350000,450000
"202","Hombre","Coquimbo","Servicios Sociales y de Salud",377460,4e+05,4e+05
"203","Hombre","Los Lagos","Servicios Sociales y de Salud",415720,5e+05,448084
"204","Hombre","Los Ríos","Servicios Sociales y de Salud",437600,385000,4e+05
"205","Hombre","Magallanes","Servicios Sociales y de Salud",464610,520000,660000
"206","Hombre","Maule","Servicios Sociales y de Salud",278970,355000,360000
"207","Hombre","Metropolitana","Servicios Sociales y de Salud",492300,5e+05,6e+05
"208","Hombre","O'Higgins","Servicios Sociales y de Salud",402320,410500,4e+05
"209","Hombre","Tarapacá","Servicios Sociales y de Salud",492300,890000,6e+05
"210","Hombre","Valparaíso","Servicios Sociales y de Salud",328200,4e+05,4e+05
"211","Hombre","Antofagasta","Servicios Comunitarios, Sociales y Personales",318150,3e+05,350000
"212","Hombre","Araucanía","Servicios Comunitarios, Sociales y Personales",210048,210000,250000
"213","Hombre","Arica y Parinacota","Servicios Comunitarios, Sociales y Personales",218800,228525,135000
"214","Hombre","Atacama","Servicios Comunitarios, Sociales y Personales",382900,360000,320000
"215","Hombre","Aysén","Servicios Comunitarios, Sociales y Personales",273500,325000,3e+05
"216","Hombre","Bíobío","Servicios Comunitarios, Sociales y Personales",199382,210000,250000
"217","Hombre","Coquimbo","Servicios Comunitarios, Sociales y Personales",199108,250000,315000
"218","Hombre","Los Lagos","Servicios Comunitarios, Sociales y Personales",237945,210000,250000
"219","Hombre","Los Ríos","Servicios Comunitarios, Sociales y Personales",205400,210000,241000
"220","Hombre","Magallanes","Servicios Comunitarios, Sociales y Personales",273500,3e+05,4e+05
"221","Hombre","Maule","Servicios Comunitarios, Sociales y Personales",218800,210000,265000
"222","Hombre","Metropolitana","Servicios Comunitarios, Sociales y Personales",355319,289638,368000
"223","Hombre","O'Higgins","Servicios Comunitarios, Sociales y Personales",202937,240000,250000
"224","Hombre","Tarapacá","Servicios Comunitarios, Sociales y Personales",317260,355000,350000
"225","Hombre","Valparaíso","Servicios Comunitarios, Sociales y Personales",246150,230000,266000
"226","Hombre","Antofagasta","Servicio Doméstico",270765,366317,320000
"227","Hombre","Araucanía","Servicio Doméstico",175040,190000,196000
"228","Hombre","Arica y Parinacota","Servicio Doméstico",212100,2e+05,2e+05
"229","Hombre","Atacama","Servicio Doméstico",247034,3e+05,150000
"230","Hombre","Aysén","Servicio Doméstico",199108,210000,2e+05
"231","Hombre","Bíobío","Servicio Doméstico",218800,180000,208000
"232","Hombre","Coquimbo","Servicio Doméstico",205400,217000,240500
"233","Hombre","Los Lagos","Servicio Doméstico",158630,210000,160000
"234","Hombre","Los Ríos","Servicio Doméstico",196920,185000,152647
"235","Hombre","Magallanes","Servicio Doméstico",199108,80000,2e+05
"236","Hombre","Maule","Servicio Doméstico",196920,2e+05,243500
"237","Hombre","Metropolitana","Servicio Doméstico",251620,250000,290000
"238","Hombre","O'Higgins","Servicio Doméstico",246480,210000,241000
"239","Hombre","Tarapacá","Servicio Doméstico",212100,280000,277500
"240","Hombre","Valparaíso","Servicio Doméstico",218800,210000,250000
"241","Hombre","Araucanía","Organizaciones y órganos Extraterritoriales",525120,NA,NA
"242","Hombre","Aysén","Organizaciones y órganos Extraterritoriales",667340,NA,NA
"243","Hombre","Bíobío","Organizaciones y órganos Extraterritoriales",765800,NA,85000
"244","Hombre","Los Ríos","Organizaciones y órganos Extraterritoriales",262560,380000,NA
"245","Hombre","Metropolitana","Organizaciones y órganos Extraterritoriales",2665960,332702,2500000
"246","Hombre","O'Higgins","Organizaciones y órganos Extraterritoriales",547000,NA,NA
"247","Hombre","Valparaíso","Organizaciones y órganos Extraterritoriales",513500,550000,960978
"248","Mujer","Antofagasta","Agricultura, Ganadería, Caza y Silvicultura",252642,120000,225000
"249","Mujer","Araucanía","Agricultura, Ganadería, Caza y Silvicultura",154050,180000,191000
"250","Mujer","Arica y Parinacota","Agricultura, Ganadería, Caza y Silvicultura",202390,2e+05,120000
"251","Mujer","Atacama","Agricultura, Ganadería, Caza y Silvicultura",199108,210000,3e+05
"252","Mujer","Aysén","Agricultura, Ganadería, Caza y Silvicultura",218800,170000,90000
"253","Mujer","Bíobío","Agricultura, Ganadería, Caza y Silvicultura",153160,140000,2e+05
"254","Mujer","Coquimbo","Agricultura, Ganadería, Caza y Silvicultura",196920,2e+05,240000
"255","Mujer","Los Lagos","Agricultura, Ganadería, Caza y Silvicultura",102700,150000,176000
"256","Mujer","Los Ríos","Agricultura, Ganadería, Caza y Silvicultura",196920,152000,185000
"257","Mujer","Magallanes","Agricultura, Ganadería, Caza y Silvicultura",218800,250000,3e+05
"258","Mujer","Maule","Agricultura, Ganadería, Caza y Silvicultura",185980,210000,240000
"259","Mujer","Metropolitana","Agricultura, Ganadería, Caza y Silvicultura",199108,210000,250000
"260","Mujer","O'Higgins","Agricultura, Ganadería, Caza y Silvicultura",196920,210000,241000
"261","Mujer","Tarapacá","Agricultura, Ganadería, Caza y Silvicultura",205400,150000,150000
"262","Mujer","Valparaíso","Agricultura, Ganadería, Caza y Silvicultura",196920,210000,242000
"263","Mujer","Antofagasta","Pesca",240680,1e+05,160000
"264","Mujer","Araucanía","Pesca",207860,2e+05,241000
"265","Mujer","Arica y Parinacota","Pesca",196920,265000,NA
"266","Mujer","Atacama","Pesca",199655,205000,241000
"267","Mujer","Aysén","Pesca",218800,228000,3e+05
"268","Mujer","Bíobío","Pesca",196920,175000,240000
"269","Mujer","Coquimbo","Pesca",199108,2e+05,2e+05
"270","Mujer","Los Lagos","Pesca",199108,210000,250000
"271","Mujer","Los Ríos","Pesca",210595,205000,190000
"272","Mujer","Magallanes","Pesca",219894,3e+05,350000
"273","Mujer","Maule","Pesca",164320,90000,150000
"274","Mujer","Metropolitana","Pesca",284440,150000,6e+05
"275","Mujer","O'Higgins","Pesca",328640,1e+05,110000
"276","Mujer","Tarapacá","Pesca",196920,1e+05,150000
"277","Mujer","Valparaíso","Pesca",196920,350000,NA
"278","Mujer","Antofagasta","Explotación de Minas y Canteras",415720,450000,5e+05
"279","Mujer","Arica y Parinacota","Explotación de Minas y Canteras",289910,310000,350000
"280","Mujer","Atacama","Explotación de Minas y Canteras",273500,4e+05,480000
"281","Mujer","Bíobío","Explotación de Minas y Canteras",191450,3e+05,1050000
"282","Mujer","Coquimbo","Explotación de Minas y Canteras",328200,290000,340000
"283","Mujer","Los Ríos","Explotación de Minas y Canteras",127998,152106,NA
"284","Mujer","Magallanes","Explotación de Minas y Canteras",257090,384500,450000
"285","Mujer","Maule","Explotación de Minas y Canteras",208954,NA,375000
"286","Mujer","Metropolitana","Explotación de Minas y Canteras",492300,507494,1050000
"287","Mujer","O'Higgins","Explotación de Minas y Canteras",240680,3e+05,4e+05
"288","Mujer","Tarapacá","Explotación de Minas y Canteras",308100,350000,350000
"289","Mujer","Valparaíso","Explotación de Minas y Canteras",366490,4e+05,4e+05
"290","Mujer","Antofagasta","Industrias Manufactureras",284440,240000,3e+05
"291","Mujer","Araucanía","Industrias Manufactureras",196920,150000,180000
"292","Mujer","Arica y Parinacota","Industrias Manufactureras",199108,150000,228000
"293","Mujer","Atacama","Industrias Manufactureras",246480,150000,245500
"294","Mujer","Aysén","Industrias Manufactureras",204578,210000,153000
"295","Mujer","Bíobío","Industrias Manufactureras",196920,2e+05,2e+05
"296","Mujer","Coquimbo","Industrias Manufactureras",185420,180000,2e+05
"297","Mujer","Los Lagos","Industrias Manufactureras",199108,204960,241000
"298","Mujer","Los Ríos","Industrias Manufactureras",196920,150000,150000
"299","Mujer","Magallanes","Industrias Manufactureras",199108,221000,250000
"300","Mujer","Maule","Industrias Manufactureras",199108,2e+05,2e+05
"301","Mujer","Metropolitana","Industrias Manufactureras",218800,220000,260000
"302","Mujer","O'Higgins","Industrias Manufactureras",199108,210000,250000
"303","Mujer","Tarapacá","Industrias Manufactureras",205400,2e+05,2e+05
"304","Mujer","Valparaíso","Industrias Manufactureras",199108,2e+05,239114
"305","Mujer","Antofagasta","Electricidad, Gas y Agua",367706,405000,350000
"306","Mujer","Araucanía","Electricidad, Gas y Agua",218800,160000,250000
"307","Mujer","Arica y Parinacota","Electricidad, Gas y Agua",328200,8e+05,2e+05
"308","Mujer","Atacama","Electricidad, Gas y Agua",218800,270000,350000
"309","Mujer","Aysén","Electricidad, Gas y Agua",656400,235000,403000
"310","Mujer","Bíobío","Electricidad, Gas y Agua",200749,210000,450000
"311","Mujer","Coquimbo","Electricidad, Gas y Agua",196920,116500,352500
"312","Mujer","Los Lagos","Electricidad, Gas y Agua",196920,250000,241000
"313","Mujer","Los Ríos","Electricidad, Gas y Agua",199655,250000,274000
"314","Mujer","Magallanes","Electricidad, Gas y Agua",503240,NA,NA
"315","Mujer","Maule","Electricidad, Gas y Agua",262560,210000,285000
"316","Mujer","Metropolitana","Electricidad, Gas y Agua",403660,250000,5e+05
"317","Mujer","O'Higgins","Electricidad, Gas y Agua",196920,260000,250000
"318","Mujer","Tarapacá","Electricidad, Gas y Agua",218800,550000,175000
"319","Mujer","Valparaíso","Electricidad, Gas y Agua",54700,210000,260992
"320","Mujer","Antofagasta","Construcción",317260,375000,510000
"321","Mujer","Araucanía","Construcción",218800,250000,310000
"322","Mujer","Arica y Parinacota","Construcción",201843,210000,340000
"323","Mujer","Atacama","Construcción",328200,286000,362500
"324","Mujer","Aysén","Construcción",300850,4e+05,7e+05
"325","Mujer","Bíobío","Construcción",235210,250000,325000
"326","Mujer","Coquimbo","Construcción",236304,250000,3e+05
"327","Mujer","Los Lagos","Construcción",328200,210000,3e+05
"328","Mujer","Los Ríos","Construcción",492300,250000,350000
"329","Mujer","Magallanes","Construcción",656400,346000,475000
"330","Mujer","Maule","Construcción",273500,242500,3e+05
"331","Mujer","Metropolitana","Construcción",421190,350000,395000
"332","Mujer","O'Higgins","Construcción",273500,230000,3e+05
"333","Mujer","Tarapacá","Construcción",308100,280000,4e+05
"334","Mujer","Valparaíso","Construcción",318820,250000,347500
"335","Mujer","Antofagasta","Comercio",240680,228987,250000
"336","Mujer","Araucanía","Comercio",196025,180000,2e+05
"337","Mujer","Arica y Parinacota","Comercio",218800,160000,2e+05
"338","Mujer","Atacama","Comercio",217706,210000,250000
"339","Mujer","Aysén","Comercio",202390,210000,245000
"340","Mujer","Bíobío","Comercio",196920,190000,208841
"341","Mujer","Coquimbo","Comercio",196920,2e+05,230000
"342","Mujer","Los Lagos","Comercio",196920,180000,230000
"343","Mujer","Los Ríos","Comercio",196920,180000,2e+05
"344","Mujer","Magallanes","Comercio",202390,210000,257500
"345","Mujer","Maule","Comercio",196920,2e+05,230000
"346","Mujer","Metropolitana","Comercio",207860,210000,250000
"347","Mujer","O'Higgins","Comercio",199108,210000,240000
"348","Mujer","Tarapacá","Comercio",229740,230000,241000
"349","Mujer","Valparaíso","Comercio",196920,2e+05,240000
"350","Mujer","Antofagasta","Hoteles y Restaurantes",249050,250000,3e+05
"351","Mujer","Araucanía","Hoteles y Restaurantes",198014,2e+05,230000
"352","Mujer","Arica y Parinacota","Hoteles y Restaurantes",199108,189000,2e+05
"353","Mujer","Atacama","Hoteles y Restaurantes",206630,210000,242500
"354","Mujer","Aysén","Hoteles y Restaurantes",218800,205000,245000
"355","Mujer","Bíobío","Hoteles y Restaurantes",199108,193000,220000
"356","Mujer","Coquimbo","Hoteles y Restaurantes",196920,203000,240000
"357","Mujer","Los Lagos","Hoteles y Restaurantes",199108,2e+05,240000
"358","Mujer","Los Ríos","Hoteles y Restaurantes",199108,2e+05,2e+05
"359","Mujer","Magallanes","Hoteles y Restaurantes",202390,220000,285000
"360","Mujer","Maule","Hoteles y Restaurantes",196920,210000,236176
"361","Mujer","Metropolitana","Hoteles y Restaurantes",213330,210000,250000
"362","Mujer","O'Higgins","Hoteles y Restaurantes",199108,210000,241000
"363","Mujer","Tarapacá","Hoteles y Restaurantes",202390,220000,250000
"364","Mujer","Valparaíso","Hoteles y Restaurantes",196920,2e+05,240000
"365","Mujer","Antofagasta","Transporte, Almacenamiento y Comunicaciones",350080,3e+05,350000
"366","Mujer","Araucanía","Transporte, Almacenamiento y Comunicaciones",214048,210000,241000
"367","Mujer","Arica y Parinacota","Transporte, Almacenamiento y Comunicaciones",218800,210000,235000
"368","Mujer","Atacama","Transporte, Almacenamiento y Comunicaciones",218800,3e+05,380000
"369","Mujer","Aysén","Transporte, Almacenamiento y Comunicaciones",307210,250000,3e+05
"370","Mujer","Bíobío","Transporte, Almacenamiento y Comunicaciones",218800,230000,250000
"371","Mujer","Coquimbo","Transporte, Almacenamiento y Comunicaciones",199108,282340,3e+05
"372","Mujer","Los Lagos","Transporte, Almacenamiento y Comunicaciones",240680,210000,250000
"373","Mujer","Los Ríos","Transporte, Almacenamiento y Comunicaciones",295380,210000,250000
"374","Mujer","Magallanes","Transporte, Almacenamiento y Comunicaciones",278970,3e+05,325000
"375","Mujer","Maule","Transporte, Almacenamiento y Comunicaciones",257090,210000,250000
"376","Mujer","Metropolitana","Transporte, Almacenamiento y Comunicaciones",262560,3e+05,350000
"377","Mujer","O'Higgins","Transporte, Almacenamiento y Comunicaciones",215518,210000,255000
"378","Mujer","Tarapacá","Transporte, Almacenamiento y Comunicaciones",276942,3e+05,3e+05
"379","Mujer","Valparaíso","Transporte, Almacenamiento y Comunicaciones",278970,290000,270000
"380","Mujer","Antofagasta","Intermediación Financiera",382900,5e+05,550000
"381","Mujer","Araucanía","Intermediación Financiera",328200,4e+05,380000
"382","Mujer","Arica y Parinacota","Intermediación Financiera",273500,290000,850000
"383","Mujer","Atacama","Intermediación Financiera",382900,5e+05,4e+05
"384","Mujer","Aysén","Intermediación Financiera",426660,362500,490000
"385","Mujer","Bíobío","Intermediación Financiera",410800,4e+05,350000
"386","Mujer","Coquimbo","Intermediación Financiera",274336,415000,425000
"387","Mujer","Los Lagos","Intermediación Financiera",410250,410000,4e+05
"388","Mujer","Los Ríos","Intermediación Financiera",328200,4e+05,4e+05
"389","Mujer","Magallanes","Intermediación Financiera",328200,420000,530000
"390","Mujer","Maule","Intermediación Financiera",328200,350000,425000
"391","Mujer","Metropolitana","Intermediación Financiera",437600,5e+05,6e+05
"392","Mujer","O'Higgins","Intermediación Financiera",273500,350000,4e+05
"393","Mujer","Tarapacá","Intermediación Financiera",421190,490000,510000
"394","Mujer","Valparaíso","Intermediación Financiera",492300,4e+05,450000
"395","Mujer","Antofagasta","Actividades Inmobiliarias, Empresariales y de Alquiler",328200,3e+05,350000
"396","Mujer","Araucanía","Actividades Inmobiliarias, Empresariales y de Alquiler",201296,210000,250000
"397","Mujer","Arica y Parinacota","Actividades Inmobiliarias, Empresariales y de Alquiler",204578,250000,3e+05
"398","Mujer","Atacama","Actividades Inmobiliarias, Empresariales y de Alquiler",248885,3e+05,3e+05
"399","Mujer","Aysén","Actividades Inmobiliarias, Empresariales y de Alquiler",268030,282500,250000
"400","Mujer","Bíobío","Actividades Inmobiliarias, Empresariales y de Alquiler",218800,225000,248000
"401","Mujer","Coquimbo","Actividades Inmobiliarias, Empresariales y de Alquiler",240680,240000,311000
"402","Mujer","Los Lagos","Actividades Inmobiliarias, Empresariales y de Alquiler",273500,250000,3e+05
"403","Mujer","Los Ríos","Actividades Inmobiliarias, Empresariales y de Alquiler",273500,250000,3e+05
"404","Mujer","Magallanes","Actividades Inmobiliarias, Empresariales y de Alquiler",284440,3e+05,340000
"405","Mujer","Maule","Actividades Inmobiliarias, Empresariales y de Alquiler",262560,240000,3e+05
"406","Mujer","Metropolitana","Actividades Inmobiliarias, Empresariales y de Alquiler",361017,3e+05,430000
"407","Mujer","O'Higgins","Actividades Inmobiliarias, Empresariales y de Alquiler",262560,210000,318000
"408","Mujer","Tarapacá","Actividades Inmobiliarias, Empresariales y de Alquiler",273500,315000,320000
"409","Mujer","Valparaíso","Actividades Inmobiliarias, Empresariales y de Alquiler",308100,250000,3e+05
"410","Mujer","Antofagasta","Administración Pública y Defensa",394714,450000,425000
"411","Mujer","Araucanía","Administración Pública y Defensa",284440,366037,4e+05
"412","Mujer","Arica y Parinacota","Administración Pública y Defensa",393840,4e+05,375000
"413","Mujer","Atacama","Administración Pública y Defensa",382900,450000,5e+05
"414","Mujer","Aysén","Administración Pública y Defensa",437600,439062,645000
"415","Mujer","Bíobío","Administración Pública y Defensa",199108,3e+05,3e+05
"416","Mujer","Coquimbo","Administración Pública y Defensa",268030,340000,320000
"417","Mujer","Los Lagos","Administración Pública y Defensa",273500,4e+05,5e+05
"418","Mujer","Los Ríos","Administración Pública y Defensa",328200,320000,330000
"419","Mujer","Magallanes","Administración Pública y Defensa",464950,495000,6e+05
"420","Mujer","Maule","Administración Pública y Defensa",273500,356222,4e+05
"421","Mujer","Metropolitana","Administración Pública y Defensa",426660,4e+05,520000
"422","Mujer","O'Higgins","Administración Pública y Defensa",328200,350000,4e+05
"423","Mujer","Tarapacá","Administración Pública y Defensa",328200,494950,4e+05
"424","Mujer","Valparaíso","Administración Pública y Defensa",328200,380000,450000
"425","Mujer","Antofagasta","Enseñanza",350080,360000,4e+05
"426","Mujer","Araucanía","Enseñanza",277876,308000,3e+05
"427","Mujer","Arica y Parinacota","Enseñanza",328200,285000,320000
"428","Mujer","Atacama","Enseñanza",288269,320000,350000
"429","Mujer","Aysén","Enseñanza",333555,4e+05,4e+05
"430","Mujer","Bíobío","Enseñanza",273500,3e+05,340000
"431","Mujer","Coquimbo","Enseñanza",273500,280000,350000
"432","Mujer","Los Lagos","Enseñanza",273500,310000,302500
"433","Mujer","Los Ríos","Enseñanza",312680,3e+05,290000
"434","Mujer","Magallanes","Enseñanza",446899,402617,5e+05
"435","Mujer","Maule","Enseñanza",265963,258000,320000
"436","Mujer","Metropolitana","Enseñanza",328200,350000,438413
"437","Mujer","O'Higgins","Enseñanza",273500,3e+05,4e+05
"438","Mujer","Tarapacá","Enseñanza",273500,350000,311849
"439","Mujer","Valparaíso","Enseñanza",328200,279000,350000
"440","Mujer","Antofagasta","Servicios Sociales y de Salud",328200,341360,4e+05
"441","Mujer","Araucanía","Servicios Sociales y de Salud",273500,337500,340000
"442","Mujer","Arica y Parinacota","Servicios Sociales y de Salud",328200,3e+05,480000
"443","Mujer","Atacama","Servicios Sociales y de Salud",328200,350000,390000
"444","Mujer","Aysén","Servicios Sociales y de Salud",415720,4e+05,560000
"445","Mujer","Bíobío","Servicios Sociales y de Salud",273500,290500,330675
"446","Mujer","Coquimbo","Servicios Sociales y de Salud",248721,3e+05,330000
"447","Mujer","Los Lagos","Servicios Sociales y de Salud",306320,3e+05,350000
"448","Mujer","Los Ríos","Servicios Sociales y de Salud",317260,350000,320000
"449","Mujer","Magallanes","Servicios Sociales y de Salud",328200,380000,470000
"450","Mujer","Maule","Servicios Sociales y de Salud",273500,350000,3e+05
"451","Mujer","Metropolitana","Servicios Sociales y de Salud",322730,349432,4e+05
"452","Mujer","O'Higgins","Servicios Sociales y de Salud",273500,261000,350000
"453","Mujer","Tarapacá","Servicios Sociales y de Salud",328200,4e+05,390000
"454","Mujer","Valparaíso","Servicios Sociales y de Salud",268522,3e+05,351465
"455","Mujer","Antofagasta","Servicios Comunitarios, Sociales y Personales",284440,250000,3e+05
"456","Mujer","Araucanía","Servicios Comunitarios, Sociales y Personales",199108,150000,180000
"457","Mujer","Arica y Parinacota","Servicios Comunitarios, Sociales y Personales",184860,180000,2e+05
"458","Mujer","Atacama","Servicios Comunitarios, Sociales y Personales",207284,230000,280000
"459","Mujer","Aysén","Servicios Comunitarios, Sociales y Personales",205400,210000,291500
"460","Mujer","Bíobío","Servicios Comunitarios, Sociales y Personales",199108,190000,195500
"461","Mujer","Coquimbo","Servicios Comunitarios, Sociales y Personales",232475,232500,240000
"462","Mujer","Los Lagos","Servicios Comunitarios, Sociales y Personales",205400,210000,225000
"463","Mujer","Los Ríos","Servicios Comunitarios, Sociales y Personales",228646,182500,205000
"464","Mujer","Magallanes","Servicios Comunitarios, Sociales y Personales",227005,250000,285000
"465","Mujer","Maule","Servicios Comunitarios, Sociales y Personales",218800,210000,240000
"466","Mujer","Metropolitana","Servicios Comunitarios, Sociales y Personales",282097,250000,3e+05
"467","Mujer","O'Higgins","Servicios Comunitarios, Sociales y Personales",201296,210000,242000
"468","Mujer","Tarapacá","Servicios Comunitarios, Sociales y Personales",213330,250000,292500
"469","Mujer","Valparaíso","Servicios Comunitarios, Sociales y Personales",196920,210000,247500
"470","Mujer","Antofagasta","Servicio Doméstico",184860,2e+05,2e+05
"471","Mujer","Araucanía","Servicio Doméstico",98460,120000,140000
"472","Mujer","Arica y Parinacota","Servicio Doméstico",131280,120000,155000
"473","Mujer","Atacama","Servicio Doméstico",142220,180000,180000
"474","Mujer","Aysén","Servicio Doméstico",131280,150000,170000
"475","Mujer","Bíobío","Servicio Doméstico",109400,120000,150000
"476","Mujer","Coquimbo","Servicio Doméstico",143780,140000,170000
"477","Mujer","Los Lagos","Servicio Doméstico",109400,130000,150000
"478","Mujer","Los Ríos","Servicio Doméstico",133510,142500,140000
"479","Mujer","Magallanes","Servicio Doméstico",155895,150000,170000
"480","Mujer","Maule","Servicio Doméstico",126332,150000,150000
"481","Mujer","Metropolitana","Servicio Doméstico",196920,2e+05,240000
"482","Mujer","O'Higgins","Servicio Doméstico",140492,150000,181000
"483","Mujer","Tarapacá","Servicio Doméstico",196920,185500,217000
"484","Mujer","Valparaíso","Servicio Doméstico",142220,150000,170000
"485","Mujer","Antofagasta","Organizaciones y órganos Extraterritoriales",328200,NA,NA
"486","Mujer","Araucanía","Organizaciones y órganos Extraterritoriales",80956,105000,NA
"487","Mujer","Atacama","Organizaciones y órganos Extraterritoriales",226458,NA,NA
"488","Mujer","Bíobío","Organizaciones y órganos Extraterritoriales",161912,174000,333000
"489","Mujer","Los Lagos","Organizaciones y órganos Extraterritoriales",916225,NA,NA
"490","Mujer","Metropolitana","Organizaciones y órganos Extraterritoriales",270765,625000,1e+06
"491","Mujer","Tarapacá","Organizaciones y órganos Extraterritoriales",112682,NA,NA
"492","Mujer","Valparaíso","Organizaciones y órganos Extraterritoriales",423925,NA,NA
